ID,Author Name,Author Disambiguation,Perseus Catalog ID,Wikipedia Entry,Trismegistos ID
694,Platon,"Platon (Greek, philosophy academy, poetry tragedy, BC 428 - 347 about)",,https://en.wikipedia.org/wiki/Plato,https://www.trismegistos.org/author/694
119,Aristoteles,"Aristoteles (Greek, history, philosophy Peripatetic, poetry elegy, BC 384 - 322)",http://catalog.perseus.org/catalog/urn:cite:perseus:author.204,https://en.wikipedia.org/wiki/Aristotle,https://www.trismegistos.org/author/119
393,Homeros,"Homeros (Greek, poetry epic, BC 750 - 700 about)",http://catalog.perseus.org/catalog/urn:cite:perseus:author.745,https://en.wikipedia.org/wiki/Homeros,https://www.trismegistos.org/author/393
958,Vergilius,"Vergilius (Latin, poetry epic, bucolic, BC 70 - 19)",http://catalog.perseus.org/catalog/urn:cite:perseus:author.1474,https://en.wikipedia.org/wiki/Vergilius,https://www.trismegistos.org/author/958
136,Augustinus,"Augustinus (Latin, theology, poetry, grammar, AD 354 - 430)",http://catalog.perseus.org/catalog/urn:cite:perseus:author.236,https://en.wikipedia.org/wiki/Augustine_of_Hippo,https://www.trismegistos.org/author/136
187,Cicero,"Cicero (Latin / Greek, history, rhetoric, philosophy, paradoxography, BC 106 - 43)",http://catalog.perseus.org/catalog/urn:cite:perseus:author.364,https://en.wikipedia.org/wiki/Cicero,https://www.trismegistos.org/author/187
299,Euripides,"Euripides (Greek, poetry tragedy, satyr play, BC 480 - 406)",http://catalog.perseus.org/catalog/urn:cite:perseus:author.601,https://en.wikipedia.org/wiki/Euripides,https://www.trismegistos.org/author/299
614,Ovidius,"Ovidius (Latin, poetry, BC 43 - AD 18)",,https://en.wikipedia.org/wiki/Ovidius,https://www.trismegistos.org/author/614
395,Horatius,"Horatius (Latin, poetry, BC 65 - 8)",http://catalog.perseus.org/catalog/urn:cite:perseus:author.748,https://en.wikipedia.org/wiki/Horace,https://www.trismegistos.org/author/395
1102,Seneca,"Seneca (Latin, philosophy, poetry tragedy, history, AD 41 - 65)",http://catalog.perseus.org/catalog/urn:cite:perseus:author.1270,https://en.wikipedia.org/wiki/Seneca_the_Younger,https://www.trismegistos.org/author/1102
698,Ploutarchos,"Ploutarchos (Greek, biography, philosophy Platonist middle, history, AD 46 - 120 about)",http://catalog.perseus.org/catalog/urn:cite:perseus:author.1144,https://en.wikipedia.org/wiki/Plutarchus,https://www.trismegistos.org/author/698
865,Sophokles,"Sophokles (Greek, poetry tragedy, poetry elegy, BC 497 - 405 about)",http://catalog.perseus.org/catalog/urn:cite:perseus:author.1307,https://en.wikipedia.org/wiki/Sophocles,https://www.trismegistos.org/author/865
25,Aischylos,"Aischylos (Greek, poetry tragedy, poetry elegy, epigram, BC 525 - 455)",http://catalog.perseus.org/catalog/urn:cite:perseus:author.34,https://en.wikipedia.org/wiki/Aeschylos,https://www.trismegistos.org/author/25
117,Aristophanes,"Aristophanes (Greek, poetry comedy, BC 446 - 386)",http://catalog.perseus.org/catalog/urn:cite:perseus:author.202,https://en.wikipedia.org/wiki/Aristophanes,https://www.trismegistos.org/author/117
376,Herodotos,"Herodotos (Greek, history, BC 484 - 425 about)",http://catalog.perseus.org/catalog/urn:cite:perseus:author.728,https://en.wikipedia.org/wiki/Herodotus,https://www.trismegistos.org/author/376
899,Tacitus,"Tacitus (Latin, history, AD 56 - 120)",http://catalog.perseus.org/catalog/urn:cite:perseus:author.1357,https://en.wikipedia.org/wiki/Tacitus,https://www.trismegistos.org/author/899
937,Thoukydides,"Thoukydides (Greek, history, BC 460 - 400 about)",http://catalog.perseus.org/catalog/urn:cite:perseus:author.1403,https://en.wikipedia.org/wiki/Thucydides,https://www.trismegistos.org/author/937
175,Catullus,"Catullus (Latin, poetry, BC 87 - 54)",http://catalog.perseus.org/catalog/urn:cite:perseus:author.337,https://en.wikipedia.org/wiki/Catullus,https://www.trismegistos.org/author/175
521,Livius,"Livius (Latin, history, BC 59 - AD 17?)",http://catalog.perseus.org/catalog/urn:cite:perseus:author.840,https://en.wikipedia.org/wiki/Livy,https://www.trismegistos.org/author/521
695,Plautus,"Plautus (Latin, poetry comedy, BC 254 - 184)",,https://en.wikipedia.org/wiki/Plautus,https://www.trismegistos.org/author/695
690,Pindaros,"Pindaros (Greek, poetry lyric, BC 522 - 443)",http://catalog.perseus.org/catalog/urn:cite:perseus:author.1126,https://en.wikipedia.org/wiki/Pindarus,https://www.trismegistos.org/author/690
529,Lucretius,"Lucretius (Latin, philosophy, poetry, BC 100 - 50)",http://catalog.perseus.org/catalog/urn:cite:perseus:author.852,https://en.wikipedia.org/wiki/Lucretius,https://www.trismegistos.org/author/529
612,Origenes,"Origenes (Greek, theology, AD 185 - 253 about)",,https://en.wikipedia.org/wiki/Origen,https://www.trismegistos.org/author/612
381,Hesiodos,"Hesiodos (Greek, poetry epic, BC 725 - 675 about)",http://catalog.perseus.org/catalog/urn:cite:perseus:author.729,https://en.wikipedia.org/wiki/Hesiod,https://www.trismegistos.org/author/381
972,Xenophon,"Xenophon (Greek, history, philosophy, BC 430 - 354 about)",,https://en.wikipedia.org/wiki/Xenophon,https://www.trismegistos.org/author/972
697,Plinius Maior,"Plinius Maior (Latin, encyclopedia, grammar, AD 23 - 79)",http://catalog.perseus.org/catalog/urn:cite:perseus:author.1141,https://en.wikipedia.org/wiki/Plinius_Maior,https://www.trismegistos.org/author/697
390,Hippokrates,"Hippokrates (Greek, medicine, BC 460 - 370 about)",http://catalog.perseus.org/catalog/urn:cite:perseus:author.739,https://en.wikipedia.org/wiki/Hippocrates_of_Cos,https://www.trismegistos.org/author/390
4807,Propertius,"Propertius (Latin, poetry elegy, BC 58 - 16)",http://catalog.perseus.org/catalog/urn:cite:perseus:author.1187,https://en.wikipedia.org/wiki/Propertius,https://www.trismegistos.org/author/4807
3481,Plotinos,"Plotinos (Greek, philosophy Neoplatonic, AD 205 - 270 about)",http://catalog.perseus.org/catalog/urn:cite:perseus:author.1143,https://en.wikipedia.org/wiki/Plotinus,https://www.trismegistos.org/author/3481
480,Kallimachos,"Kallimachos (Greek, poetry hymn, epigram, paradoxography, BC 310 - 240 about)",http://catalog.perseus.org/catalog/urn:cite:perseus:author.307,https://en.wikipedia.org/wiki/Callimachus,https://www.trismegistos.org/author/480
386,Hieronymus,"Hieronymus (Latin, theology, history, biography, epistolography, poetry, AD 347 - 420)",http://catalog.perseus.org/catalog/urn:cite:perseus:author.785,https://en.wikipedia.org/wiki/Jerome,https://www.trismegistos.org/author/386
675,Philon of Alexandria,"Philon of Alexandria (Greek, philosophy Platonist middle, BC 15 - AD 50)",,https://en.wikipedia.org/wiki/Philo,https://www.trismegistos.org/author/675
326,Galenos,"Galenos (Greek, medicine, AD 129 - 216 about)",http://catalog.perseus.org/catalog/urn:cite:perseus:author.649,https://en.wikipedia.org/wiki/Galenus,https://www.trismegistos.org/author/326
97,Apuleius,"Apuleius (Latin, philosophy Platonic, novel, poetry, AD 125 - 180)",http://catalog.perseus.org/catalog/urn:cite:perseus:author.160,https://en.wikipedia.org/wiki/Apuleius,https://www.trismegistos.org/author/97
648,Petronius,"Petronius (Latin, poetry, AD 27 - 66 about)",http://catalog.perseus.org/catalog/urn:cite:perseus:author.1063,https://en.wikipedia.org/wiki/Petronius,https://www.trismegistos.org/author/648
318,Flavius Iosephos,"Flavius Iosephos (Greek, history, AD 37 - 100)",http://catalog.perseus.org/catalog/urn:cite:perseus:author.793,https://en.wikipedia.org/wiki/Flavius_Josephus,https://www.trismegistos.org/author/318
168,Caesar,"Caesar (Latin, history, poetry, epistolography, rhetoric, grammar, BC 100 - 44)",http://catalog.perseus.org/catalog/urn:cite:perseus:author.296,https://en.wikipedia.org/wiki/Caesar,https://www.trismegistos.org/author/168
571,Menandros,"Menandros (Greek, poetry comedy, epigram, BC 342 - 290 about)",http://catalog.perseus.org/catalog/urn:cite:perseus:author.919,https://en.wikipedia.org/wiki/Menander,https://www.trismegistos.org/author/571
275,Epikouros,"Epikouros (Greek, philosophy Epicurean, BC 341 - 270)",http://catalog.perseus.org/catalog/urn:cite:perseus:author.561,https://en.wikipedia.org/wiki/Epicurus,https://www.trismegistos.org/author/275
907,Tertullianus,"Tertullianus (Latin, theology, AD 155 - 240)",http://catalog.perseus.org/catalog/urn:cite:perseus:author.1365,https://en.wikipedia.org/wiki/Tertullian,https://www.trismegistos.org/author/907
559,Martialis,"Martialis (Latin, poetry, AD 38 - 104 about)",http://catalog.perseus.org/catalog/urn:cite:perseus:author.897,https://en.wikipedia.org/wiki/Martialis,https://www.trismegistos.org/author/559
525,Lucanus,"Lucanus (Latin, poetry epic, AD 39 - 65)",http://catalog.perseus.org/catalog/urn:cite:perseus:author.847,https://en.wikipedia.org/wiki/Marcus_Annaeus_Lucanus,https://www.trismegistos.org/author/525
3623,Sokrates,"Sokrates (Greek, philosophy Socratic, epistolography, poetry elegy, BC 470 - 399)",http://catalog.perseus.org/catalog/urn:cite:perseus:author.1299,https://en.wikipedia.org/wiki/Socrates,https://www.trismegistos.org/author/3623
44,Ambrosius,"Ambrosius (Latin, history, poetry, AD 339 - 397)",http://catalog.perseus.org/catalog/urn:cite:perseus:author.1535,https://en.wikipedia.org/wiki/Ambrose,https://www.trismegistos.org/author/44
700,Polybios,"Polybios (Greek, history, BC 165 - 120 about)",http://catalog.perseus.org/catalog/urn:cite:perseus:author.1154,https://en.wikipedia.org/wiki/Polybius,https://www.trismegistos.org/author/700
416,Ioannes Chrysostomos,"Ioannes Chrysostomos (Greek, theology, hagiography, history, AD 345 - 407)",http://catalog.perseus.org/catalog/urn:cite:perseus:author.1945,https://en.wikipedia.org/wiki/John_Chrysostom,https://www.trismegistos.org/author/416
524,Loukianos,"Loukianos (Greek, satire, rhetoric, AD 125 - 180)",,https://en.wikipedia.org/wiki/Lucian,https://www.trismegistos.org/author/524
825,Sallustius,"Sallustius (Latin, history, BC 86 - 35?)",http://catalog.perseus.org/catalog/urn:cite:perseus:author.1237,https://en.wikipedia.org/wiki/Sallust,https://www.trismegistos.org/author/825
925,Theokritos,"Theokritos (Greek, poetry bucolic, epigram, fl. BC 285 - 246)",http://catalog.perseus.org/catalog/urn:cite:perseus:author.1377,https://en.wikipedia.org/wiki/Theocritus,https://www.trismegistos.org/author/925
226,Demosthenes,"Demosthenes (Greek, rhetoric, BC 384 - 322)",http://catalog.perseus.org/catalog/urn:cite:perseus:author.466,https://en.wikipedia.org/wiki/Demosthenes,https://www.trismegistos.org/author/226
906,Terentius,"Terentius (Latin, poetry comedy, BC 195 - 159 about)",http://catalog.perseus.org/catalog/urn:cite:perseus:author.1362,https://en.wikipedia.org/wiki/Terence,https://www.trismegistos.org/author/906
4842,Statius,"Statius (Latin, poetry, AD 45 - 96 about)",http://catalog.perseus.org/catalog/urn:cite:perseus:author.1323,https://en.wikipedia.org/wiki/Statius,https://www.trismegistos.org/author/4842
234,Diodoros of Sicily,"Diodoros of Sicily (Greek, history, BC 99 - 25)",http://catalog.perseus.org/catalog/urn:cite:perseus:author.488,https://en.wikipedia.org/wiki/Diodorus,https://www.trismegistos.org/author/234
886,Strabon,"Strabon (Greek, geography, history, BC 64 - AD 24)",http://catalog.perseus.org/catalog/urn:cite:perseus:author.1333,https://en.wikipedia.org/wiki/Strabo,https://www.trismegistos.org/author/886
889,Suetonius,"Suetonius (Latin, history, AD 69 - 122 about)",,https://en.wikipedia.org/wiki/Suetonius,https://www.trismegistos.org/author/889
300,Eusebios,"Eusebios (Greek, history, chronography, AD 260 - 340 about)",http://catalog.perseus.org/catalog/urn:cite:perseus:author.603,https://en.wikipedia.org/wiki/Eusebius_of_Caesarea,https://www.trismegistos.org/author/300
696,Plinius the Younger,"Plinius the Younger (Latin, epistolography, AD 61 - 113 about)",http://catalog.perseus.org/catalog/urn:cite:perseus:author.1142,https://en.wikipedia.org/wiki/Pliny_the_Younger,https://www.trismegistos.org/author/696
469,Iuvenalis,"Iuvenalis (Latin, poetry, AD 100 - 140)",http://catalog.perseus.org/catalog/urn:cite:perseus:author.800,https://en.wikipedia.org/wiki/Juvenal,https://www.trismegistos.org/author/469
827,Sappho,"Sappho (Greek, poetry lyric, BC 630 - 570 about)",http://catalog.perseus.org/catalog/urn:cite:perseus:author.1245,https://en.wikipedia.org/wiki/Sappho,https://www.trismegistos.org/author/827
5058,Scriptores Historiae Augustae,"Scriptores Historiae Augustae (Latin, history, AD 395 - 400 about)",http://catalog.perseus.org/catalog/urn:cite:perseus:author.1743,https://en.wikipedia.org/wiki/Augustan_History,https://www.trismegistos.org/author/5058
804,Quintillianus,"Quintillianus (Latin, rhetoric, AD 25 - 75 about)",http://catalog.perseus.org/catalog/urn:cite:perseus:author.1209,https://en.wikipedia.org/wiki/Marcus_Fabius_Quintilianus,https://www.trismegistos.org/author/804
953,Varro,"Varro (Latin, science, encyclopedia, poetry, paradoxography, BC 116 - 27)",http://catalog.perseus.org/catalog/urn:cite:perseus:author.1455,https://en.wikipedia.org/wiki/Varro,https://www.trismegistos.org/author/953
1047,Herakleitos of Ephesos,"Herakleitos of Ephesos (Greek, philosophy presocratic Ephesian, BC 535 - 475 about)",http://catalog.perseus.org/catalog/urn:cite:perseus:author.712,https://en.wikipedia.org/wiki/Heraclitus,https://www.trismegistos.org/author/1047
642,Pausanias,"Pausanias (Greek, geography, AD 110 - 180 about)",http://catalog.perseus.org/catalog/urn:cite:perseus:author.1054,https://en.wikipedia.org/wiki/Pausanias_(geographer),https://www.trismegistos.org/author/642
92,Apollonios of Rhodos,"Apollonios of Rhodos (Greek, poetry epic, history, BC 299 - 250 about)",http://catalog.perseus.org/catalog/urn:cite:perseus:author.151,https://en.wikipedia.org/wiki/Apollonius_of_Rhodes,https://www.trismegistos.org/author/92
341,Gregorios of Nazianzos,"Gregorios of Nazianzos (Greek, theology, AD 329 - 390)",http://catalog.perseus.org/catalog/urn:cite:perseus:author.682,https://en.wikipedia.org/wiki/Gregory_of_Nazianzus,https://www.trismegistos.org/author/341
803,Pythagoras,"Pythagoras (Greek, philosophy Pythagorean, mathematics, history, BC 570 - 495 about)",http://catalog.perseus.org/catalog/urn:cite:perseus:author.1205,https://en.wikipedia.org/wiki/Pythagoras,https://www.trismegistos.org/author/803
1275,Tibullus,"Tibullus (Latin, poetry, BC 54 - 19)",http://catalog.perseus.org/catalog/urn:cite:perseus:author.1409,https://en.wikipedia.org/wiki/Tibullus,https://www.trismegistos.org/author/1275
172,Cassius Dion,"Cassius Dion (Greek, history, AD 155 - 235)",http://catalog.perseus.org/catalog/urn:cite:perseus:author.328,https://en.wikipedia.org/wiki/Cassius_Dio,https://www.trismegistos.org/author/172
47,Ammianus Marcellinus,"Ammianus Marcellinus (Latin, history, AD 330 - 400 about)",http://catalog.perseus.org/catalog/urn:cite:perseus:author.73,https://en.wikipedia.org/wiki/Ammianus_Marcellinus,https://www.trismegistos.org/author/47
342,Gregorios of Nysa,"Gregorios of Nysa (Greek, theology, AD 335 - 395)",,https://en.wikipedia.org/wiki/Gregory_of_Nyssa,https://www.trismegistos.org/author/342
196,Clemens of Alexandria,"Clemens of Alexandria (Greek, theology, poetry, AD 150 - 215 about)",http://catalog.perseus.org/catalog/urn:cite:perseus:author.1843,https://en.wikipedia.org/wiki/Clemens_of_Alexandriahttps://en.wikipedia.org/wiki/Clement_of_Alexandria,https://www.trismegistos.org/author/196
720,Proklos,"Proklos (Greek, philosophy Neoplatonic, history, AD 412 - 485)",http://catalog.perseus.org/catalog/urn:cite:perseus:author.1184,https://en.wikipedia.org/wiki/Proclus,https://www.trismegistos.org/author/720
154,Basileios of Kaisareia,"Basileios of Kaisareia (Greek, theology, AD 329 - 379 about)",http://catalog.perseus.org/catalog/urn:cite:perseus:author.1513,https://en.wikipedia.org/wiki/Basil_of_Caesarea,https://www.trismegistos.org/author/154
164,Boethius,"Boethius (Latin, philosophy, AD 480 - 525)",http://catalog.perseus.org/catalog/urn:cite:perseus:author.281,https://en.wikipedia.org/wiki/Boethius,https://www.trismegistos.org/author/164
3340,Parmenides,"Parmenides (Greek, philosophy presocratic Eleatic, BC 550 - 450)",http://catalog.perseus.org/catalog/urn:cite:perseus:author.1038,https://en.wikipedia.org/wiki/Parmenides,https://www.trismegistos.org/author/3340
672,Philodemos,"Philodemos (Greek, philosophy Epicurean, poetry, BC 110 - 35 about)",http://catalog.perseus.org/catalog/urn:cite:perseus:author.1101,https://en.wikipedia.org/wiki/Philodemus,https://www.trismegistos.org/author/672
345,Gregorius Magnus,"Gregorius Magnus (Latin, religion, AD 540 - 604)",http://catalog.perseus.org/catalog/urn:cite:perseus:author.679,https://en.wikipedia.org/wiki/Gregory_the_Greathttps://en.wikipedia.org/wiki/Pope_Gregory_I,https://www.trismegistos.org/author/345
448,Isokrates,"Isokrates (Greek, rhetoric, BC 436 - 338)",http://catalog.perseus.org/catalog/urn:cite:perseus:author.775,https://en.wikipedia.org/wiki/Isocrates,https://www.trismegistos.org/author/448
192,Claudius Ptolemaios,"Claudius Ptolemaios (Greek, geography, history, astronomy, astrology, mathematics, poetry epigram, music, AD 100 - 180)",http://catalog.perseus.org/catalog/urn:cite:perseus:author.1199,https://en.wikipedia.org/wiki/Ptolemy,https://www.trismegistos.org/author/192
270,Ennius,"Ennius (Latin, poetry, BC 239 - 169 about)",http://catalog.perseus.org/catalog/urn:cite:perseus:author.553,https://en.wikipedia.org/wiki/Ennius,https://www.trismegistos.org/author/270
707,Porphyrios of Tyros,"Porphyrios of Tyros (Greek, history, philosophy Neoplatonic, AD 232 - 305 about)",http://catalog.perseus.org/catalog/urn:cite:perseus:author.1170,https://en.wikipedia.org/wiki/Porphyry_(philosopher),https://www.trismegistos.org/author/707
134,Athanasios,"Athanasios (Greek, ecclesiastical, AD 296 - 373)",http://catalog.perseus.org/catalog/urn:cite:perseus:author.225,https://en.wikipedia.org/wiki/Athanasius,https://www.trismegistos.org/author/134
446,Isidorus of Sevilla,"Isidorus of Sevilla (Latin, grammar, history, AD 560 - 636)",http://catalog.perseus.org/catalog/urn:cite:perseus:author.771,https://en.wikipedia.org/wiki/Isidore_of_Seville,https://www.trismegistos.org/author/446
438,Eirenaios,"Eirenaios (Greek, theology, AD 130 - 202)",,https://en.wikipedia.org/wiki/Irenaeus,https://www.trismegistos.org/author/438
5761,Anonymi of the Hymni Homerici,"Anonymi of the Hymni Homerici (Greek, poetry hymn, BC 699 - 500)",http://catalog.perseus.org/catalog/urn:cite:perseus:author.1738,https://en.wikipedia.org/wiki/Homeric_Hymns,https://www.trismegistos.org/author/5761
210,Cyprianus,"Cyprianus (Latin, theology, AD 200 - 258)",http://catalog.perseus.org/catalog/urn:cite:perseus:author.1622,https://en.wikipedia.org/wiki/Cyprian,https://www.trismegistos.org/author/210
3281,Anonymi of the Orphica,"Anonymi of the Orphica (Greek, philosophy, theology, poetry epic, BC 799 - AD 799)",,https://en.wikipedia.org/wiki/Orpheus,https://www.trismegistos.org/author/3281
9213,Theophilos of Kaisareia,"Theophilos of Kaisareia (Greek, scriptor ecclesiasticus, died AD 195)",,"https://en.wikipedia.org/wiki/Theophilus,_bishop_of_Caesarea",https://www.trismegistos.org/author/9213
931,Theophrastos,"Theophrastos (Greek, philosophy Peripatetic, BC 371 - 287)",http://catalog.perseus.org/catalog/urn:cite:perseus:author.1394,https://en.wikipedia.org/wiki/Theophrastus,https://www.trismegistos.org/author/931
725,Prudentius,"Prudentius (Latin, poetry, AD 348 - 413 about)",http://catalog.perseus.org/catalog/urn:cite:perseus:author.1189,https://en.wikipedia.org/wiki/Prudentius,https://www.trismegistos.org/author/725
965,Vitruvius,"Vitruvius (Latin, architecture, BC 80 - 15)",http://catalog.perseus.org/catalog/urn:cite:perseus:author.1476,https://en.wikipedia.org/wiki/Vitruvius,https://www.trismegistos.org/author/965
101,Archilochos,"Archilochos (Greek, poetry iambic, elegy, BC 670 - 640)",http://catalog.perseus.org/catalog/urn:cite:perseus:author.175,https://en.wikipedia.org/wiki/Archilochus,https://www.trismegistos.org/author/101
140,Ausonius,"Ausonius (Latin, poetry, history, AD 310 - 394 about)",http://catalog.perseus.org/catalog/urn:cite:perseus:author.243,https://en.wikipedia.org/wiki/Ausonius,https://www.trismegistos.org/author/140
247,Dionysios of Halikarnassos,"Dionysios of Halikarnassos (Greek, history, BC 60 - 7 about)",http://catalog.perseus.org/catalog/urn:cite:perseus:author.511,https://en.wikipedia.org/wiki/Dionysius_of_Halicarnassus,https://www.trismegistos.org/author/247
451,Iulianus imperator,"Iulianus imperator (Greek, history, epistolography, poetry, law, rhetoric, AD 331 - 363)",,https://en.wikipedia.org/wiki/Julian_(emperor),https://www.trismegistos.org/author/451
189,Claudianus,"Claudianus (Latin / Greek, poetry, history, AD 370 about - 404 after)",,https://en.wikipedia.org/wiki/Claudian,https://www.trismegistos.org/author/189
160,Benedictus,"Benedictus (Latin, theology, AD 480 - 547)",,https://en.wikipedia.org/wiki/Benedict_of_Nursia,https://www.trismegistos.org/author/160
267,Empedokles,"Empedokles (Greek, philosophy presocratic pluralist, poetry, BC 490 - 430 about)",http://catalog.perseus.org/catalog/urn:cite:perseus:author.549,https://en.wikipedia.org/wiki/Empedocles,https://www.trismegistos.org/author/267
225,Demokritos,"Demokritos (Greek, philosophy presocratic atomist, BC 460 - 370)",http://catalog.perseus.org/catalog/urn:cite:perseus:author.460,https://en.wikipedia.org/wiki/Democritus,https://www.trismegistos.org/author/225
508,Lactantius,"Lactantius (Latin, theology, poetry, history, AD 250 - 325)",http://catalog.perseus.org/catalog/urn:cite:perseus:author.808,https://en.wikipedia.org/wiki/Lactantius,https://www.trismegistos.org/author/508
4908,Marcus Porcius Cato,"Marcus Porcius Cato (Latin, rhetoric, agriculture, history, military, BC 234 - 149)",http://catalog.perseus.org/catalog/urn:cite:perseus:author.335,https://en.wikipedia.org/wiki/Cato_the_Elder,https://www.trismegistos.org/author/4908
139,Aulus Gellius,"Aulus Gellius (Latin, grammar, AD 123 - 165 about)",http://catalog.perseus.org/catalog/urn:cite:perseus:author.659,https://en.wikipedia.org/wiki/Aulus_Gellius,https://www.trismegistos.org/author/139
547,Mani,"Mani (Syriac, theology, AD 216 - 276)",,https://en.wikipedia.org/wiki/Mani_(prophet),https://www.trismegistos.org/author/547
679,Philostratos II,"Philostratos II (Greek, philosophy sophist, biography, poetry epigram, AD 172 - 250 about)",http://catalog.perseus.org/catalog/urn:cite:perseus:author.1108,https://en.wikipedia.org/wiki/Philostratus,https://www.trismegistos.org/author/679
237,Diogenes Laertios,"Diogenes Laertios (Greek, biography, philosophy, AD 175 - 250)",http://catalog.perseus.org/catalog/urn:cite:perseus:author.494,https://en.wikipedia.org/wiki/Diogenes_LaÃ«rtius,https://www.trismegistos.org/author/237
4834,Gaius Valerius Flaccus,"Gaius Valerius Flaccus (Latin, poetry epic, AD 1 - 99)",http://catalog.perseus.org/catalog/urn:cite:perseus:author.1447,https://en.wikipedia.org/wiki/Gaius_Valerius_Flaccus,https://www.trismegistos.org/author/4834
135,Athenaios,"Athenaios (Greek, rhetoric, grammar, history, AD 175 - 225)",http://catalog.perseus.org/catalog/urn:cite:perseus:author.228,https://en.wikipedia.org/wiki/Athenaius,https://www.trismegistos.org/author/135
839,Servius,"Servius (Latin, grammar, history, AD 350 - 425)",http://catalog.perseus.org/catalog/urn:cite:perseus:author.1279,https://en.wikipedia.org/wiki/Servius_Honoratus,https://www.trismegistos.org/author/839
604,Nonnos of Panopolis,"Nonnos of Panopolis (Greek, poetry epic, epigram, AD 400 - 499?)",http://catalog.perseus.org/catalog/urn:cite:perseus:author.997,https://en.wikipedia.org/wiki/Nonnus_of_Panopolis,https://www.trismegistos.org/author/604
852,Silius Italicus,"Silius Italicus (Latin, poetry, AD 25 - 101 about)",http://catalog.perseus.org/catalog/urn:cite:perseus:author.1288,https://en.wikipedia.org/wiki/Silius_Italicus,https://www.trismegistos.org/author/852
467,Iustinus martyr,"Iustinus martyr (Greek, theology, AD 100 - 167)",,https://en.wikipedia.org/wiki/Justin_Martyr,https://www.trismegistos.org/author/467
242,Dion Chrysostomos,"Dion Chrysostomos (Greek, philosophy sophist; history, AD 40 - 115 about)",http://catalog.perseus.org/catalog/urn:cite:perseus:author.479,https://en.wikipedia.org/wiki/Dio_Chrysostom,https://www.trismegistos.org/author/242
171,Cassiodorus,"Cassiodorus (Latin, history, grammar, AD 485 - 580 about)",http://catalog.perseus.org/catalog/urn:cite:perseus:author.327,https://en.wikipedia.org/wiki/Cassiodorus,https://www.trismegistos.org/author/171
13,Aelius Aristeides,"Aelius Aristeides (Greek, rhetoric, AD 117 - 181)",http://catalog.perseus.org/catalog/urn:cite:perseus:author.192,https://en.wikipedia.org/wiki/Aelius_Aristides,https://www.trismegistos.org/author/13
646,Persius,"Persius (Latin, poetry satire, AD 34 - 62)",http://catalog.perseus.org/catalog/urn:cite:perseus:author.1060,https://en.wikipedia.org/wiki/Persius,https://www.trismegistos.org/author/646
534,Lysias,"Lysias (Greek, rhetoric, BC 445 - 380)",http://catalog.perseus.org/catalog/urn:cite:perseus:author.864,https://en.wikipedia.org/wiki/Lysias,https://www.trismegistos.org/author/534
3510,Prokopios of Kaisareia,"Prokopios of Kaisareia (Greek, history, AD 500 - 565 about)",http://catalog.perseus.org/catalog/urn:cite:perseus:author.1697,https://en.wikipedia.org/wiki/Procopius,https://www.trismegistos.org/author/3510
138,Augustus,"Augustus (Latin / Greek, history, poetry epigram, geography, BC 27 - AD 14)",http://catalog.perseus.org/catalog/urn:cite:perseus:author.237,https://en.wikipedia.org/wiki/Augustus,https://www.trismegistos.org/author/138
391,Hippolytos of Rome,"Hippolytos of Rome (Greek, theology, history, AD 170 - 235 about)",,https://en.wikipedia.org/wiki/Hippolytus_of_Rome,https://www.trismegistos.org/author/391
520,Libanios,"Libanios (Greek, rhetoric, sophist, AD 314 - 393)",http://catalog.perseus.org/catalog/urn:cite:perseus:author.832,https://en.wikipedia.org/wiki/Libanius,https://www.trismegistos.org/author/520
5649,Sidonius Apollinaris,"Sidonius Apollinaris (Latin, poetry, epistolography, history, AD 431 or 432 - 487 about)",http://catalog.perseus.org/catalog/urn:cite:perseus:author.1287,https://en.wikipedia.org/wiki/Sidonius_Apollinaris,https://www.trismegistos.org/author/5649
146,Bakchylides,"Bakchylides (Greek, poetry lyric, BC 499 - 400)",http://catalog.perseus.org/catalog/urn:cite:perseus:author.254,https://en.wikipedia.org/wiki/Bacchylides,https://www.trismegistos.org/author/146
95,Appianos,"Appianos (Greek, history, AD 95 - 165 about)",http://catalog.perseus.org/catalog/urn:cite:perseus:author.157,https://en.wikipedia.org/wiki/Appianos,https://www.trismegistos.org/author/95
293,Eukleides,"Eukleides (Greek, mathematics, BC 325 - 270 about)",http://catalog.perseus.org/catalog/urn:cite:perseus:author.579,https://en.wikipedia.org/wiki/Euclid,https://www.trismegistos.org/author/293
632,Paulinus of Nola,"Paulinus of Nola (Latin, theology, epistolography, poetry, AD 355 - 431)",http://catalog.perseus.org/catalog/urn:cite:perseus:author.1680,https://en.wikipedia.org/wiki/Paulinus_of_Nola,https://www.trismegistos.org/author/632
158,Beda Venerabilis,"Beda Venerabilis (Latin, history, chronography, theology, AD 672 - 735)",http://catalog.perseus.org/catalog/urn:cite:perseus:author.266,https://en.wikipedia.org/wiki/Beda_Venerabilis,https://www.trismegistos.org/author/158
847,Sextus Empeirikos,"Sextus Empeirikos (Greek, philosophy Sceptic Pyrrhonist, medicine, AD 180 - 200)",http://catalog.perseus.org/catalog/urn:cite:perseus:author.1285,https://en.wikipedia.org/wiki/Sextus_Empiricus,https://www.trismegistos.org/author/847
276,Epiktetos,"Epiktetos (Greek, philosophy Stoa, AD 50 - 135)",http://catalog.perseus.org/catalog/urn:cite:perseus:author.560,https://en.wikipedia.org/wiki/Epictetus,https://www.trismegistos.org/author/276
2449,Gorgias of Leontinoi,"Gorgias of Leontinoi (Greek, philosophy sophist, history, BC 485 - 380 about)",http://catalog.perseus.org/catalog/urn:cite:perseus:author.674,https://en.wikipedia.org/wiki/Gorgias,https://www.trismegistos.org/author/2449
123,Arrianos,"Arrianos (Greek, history, AD 86 - 160 about)",http://catalog.perseus.org/catalog/urn:cite:perseus:author.206,https://en.wikipedia.org/wiki/Arrian,https://www.trismegistos.org/author/123
540,Macrobius,"Macrobius (Latin, history, grammar, AD 385 - 450 about)",http://catalog.perseus.org/catalog/urn:cite:perseus:author.872,https://en.wikipedia.org/wiki/Macrobius,https://www.trismegistos.org/author/540
857,Simonides of Keos,"Simonides of Keos (Greek, poetry lyric, history, BC 556 - 468 about)",http://catalog.perseus.org/catalog/urn:cite:perseus:author.1292,https://en.wikipedia.org/wiki/Simonides_of_Ceos,https://www.trismegistos.org/author/857
40,Alkaios,"Alkaios (Greek, poetry lyric, epigram, BC 620 - 550 about)",http://catalog.perseus.org/catalog/urn:cite:perseus:author.51,https://en.wikipedia.org/wiki/Alcaeus_of_Mytilene,https://www.trismegistos.org/author/40
1461,Alexandros of Aphrodisias,"Alexandros of Aphrodisias (Greek, philosophy Peripatetic, AD 200 - 299)",http://catalog.perseus.org/catalog/urn:cite:perseus:author.63,https://en.wikipedia.org/wiki/Alexander_of_Aphrodisias,https://www.trismegistos.org/author/1461
1274,Heliodoros of Emesa,"Heliodoros of Emesa (Greek, novel, AD 200 - 299)",http://catalog.perseus.org/catalog/urn:cite:perseus:author.698,https://en.wikipedia.org/wiki/Heliodorus_of_Emesa,https://www.trismegistos.org/author/1274
5098,Appendix Vergiliana,"Appendix Vergiliana (Latin, poetry, AD 1 - 99)",http://catalog.perseus.org/catalog/urn:cite:perseus:author.1735,https://en.wikipedia.org/wiki/Appendix_Vergiliana,https://www.trismegistos.org/author/5098
2952,Marcus Aurelius,"Marcus Aurelius (Greek / Latin, philosophy Stoa, epistolography, poetry, AD 121 - 180)",http://catalog.perseus.org/catalog/urn:cite:perseus:author.892,https://en.wikipedia.org/wiki/Marcus_Aurelius,https://www.trismegistos.org/author/2952
864,Solon,"Solon (Greek, poetry elegy, law, BC 638 - 558)",http://catalog.perseus.org/catalog/urn:cite:perseus:author.1303,https://en.wikipedia.org/wiki/Solon,https://www.trismegistos.org/author/864
2596,Iamblichos of Chalkis,"Iamblichos of Chalkis (Greek, philosophy Neoplatonic, history, biography, AD 240 - 325 about)",http://catalog.perseus.org/catalog/urn:cite:perseus:author.758,https://en.wikipedia.org/wiki/Iamblichus,https://www.trismegistos.org/author/2596
912,Theodoretos,"Theodoretos (Greek, theology, history, AD 393 - 466 about)",http://catalog.perseus.org/catalog/urn:cite:perseus:author.1963,https://en.wikipedia.org/wiki/Theodoretus,https://www.trismegistos.org/author/912
387,Hilarius of Poitiers,"Hilarius of Poitiers (Latin, theology, history, AD 310 - 367 about)",http://catalog.perseus.org/catalog/urn:cite:perseus:author.1653,https://en.wikipedia.org/wiki/Hilary_of_Poitiers,https://www.trismegistos.org/author/387
687,Photios,"Photios (Greek, philology, AD 820 - 897)",http://catalog.perseus.org/catalog/urn:cite:perseus:author.1120,https://en.wikipedia.org/wiki/Photios_I_of_Constantinople,https://www.trismegistos.org/author/687
505,Kyrillos of Alexandria,"Kyrillos of Alexandria (Greek, theology, AD 376 - 444)",http://catalog.perseus.org/catalog/urn:cite:perseus:author.1943,https://en.wikipedia.org/wiki/Cyril_of_Alexandria,https://www.trismegistos.org/author/505
709,Poseidippos of Pella,"Poseidippos of Pella (Greek, poetry epigram, BC 310 - 240 about)",,https://en.wikipedia.org/wiki/Posidippus,https://www.trismegistos.org/author/709
2531,Hesychios of Alexandria,"Hesychios of Alexandria (Greek, lexicography, epistolography, AD 400 - 499)",,https://en.wikipedia.org/wiki/Hesychius_of_Alexandria,https://www.trismegistos.org/author/2531
26,Aisopos,"Aisopos (Greek, fable, BC 599 - 500)",http://catalog.perseus.org/catalog/urn:cite:perseus:author.35,https://en.wikipedia.org/wiki/Aesopus,https://www.trismegistos.org/author/26
2999,Maximos confessor,"Maximos confessor (Greek, theology, AD 580 - 662)",,https://en.wikipedia.org/wiki/Maximus_the_Confessor,https://www.trismegistos.org/author/2999
1278,Gregorius of Tours,"Gregorius of Tours (Latin, history, AD 538 - 594)",http://catalog.perseus.org/catalog/urn:cite:perseus:author.681,https://en.wikipedia.org/wiki/Gregory_of_Tours,https://www.trismegistos.org/author/1278
710,Poseidonios of Apameia,"Poseidonios of Apameia (Greek, philosophy Stoa, science, history, BC 135 - 51)",http://catalog.perseus.org/catalog/urn:cite:perseus:author.1689,https://en.wikipedia.org/wiki/Posidonius,https://www.trismegistos.org/author/710
2857,Longos,"Longos (Greek, novel, poetry erotic, AD 100 - 199?)",http://catalog.perseus.org/catalog/urn:cite:perseus:author.846,https://en.wikipedia.org/wiki/Longus,https://www.trismegistos.org/author/2857
744,Pseudo-Dionysios Areopagites,"Pseudo-Dionysios Areopagites (Greek, epistolography, theology, AD 450 - 550)",,https://en.wikipedia.org/wiki/Pseudo-Dionysius_the_Areopagite,https://www.trismegistos.org/author/744
884,Stesichoros,"Stesichoros (Greek, poetry lyric, BC 630 - 555)",http://catalog.perseus.org/catalog/urn:cite:perseus:author.1328,https://en.wikipedia.org/wiki/Stesichorus,https://www.trismegistos.org/author/884
197,Clemens of Rome,"Clemens of Rome (Greek / Latin, theology, AD 35 - 101 about)",,https://en.wikipedia.org/wiki/Pope_Clement_I,https://www.trismegistos.org/author/197
205,Anonymi of the Corpus Hermeticum,"Anonymi of the Corpus Hermeticum (Greek, religion, philosophy, AD 100 - 399)",,https://en.wikipedia.org/wiki/Hermetica,https://www.trismegistos.org/author/205
923,Theognis,"Theognis (Greek, poetry lyric, BC 599 - 500)",http://catalog.perseus.org/catalog/urn:cite:perseus:author.1388,https://en.wikipedia.org/wiki/Theognis,https://www.trismegistos.org/author/923
181,Chariton,"Chariton (Greek, novel, BC 99 - AD 199)",http://catalog.perseus.org/catalog/urn:cite:perseus:author.353,https://en.wikipedia.org/wiki/Chariton,https://www.trismegistos.org/author/181
4980,Gaius Lucilius,"Gaius Lucilius (Latin, satire, BC 180 - 102 about)",http://catalog.perseus.org/catalog/urn:cite:perseus:author.850,https://en.wikipedia.org/wiki/Gaius_Lucilius,https://www.trismegistos.org/author/4980
2854,Pseudo-Longinos or Pseudo-Dionysios,"Pseudo-Longinos or Pseudo-Dionysios (Greek, rhetoric, AD 1 - 99?)",http://catalog.perseus.org/catalog/urn:cite:perseus:author.844,https://en.wikipedia.org/wiki/On_the_Sublime,https://www.trismegistos.org/author/2854
412,Ignatios of Antiocheia,"Ignatios of Antiocheia (Greek, religion, epistolography, AD 50 - 117)",,https://en.wikipedia.org/wiki/Ignatius_of_Antioch,https://www.trismegistos.org/author/412
99,Aratos,"Aratos (Greek, poetry epic, astronomy, BC 315 - 240)",http://catalog.perseus.org/catalog/urn:cite:perseus:author.166,https://en.wikipedia.org/wiki/Aratus,https://www.trismegistos.org/author/99
3702,Synesios of Kyrene,"Synesios of Kyrene (Greek, philosophy Neoplatonist, poetry epigram, epistolography, poetry tragedy, AD 370 - 414 about)",http://catalog.perseus.org/catalog/urn:cite:perseus:author.1356,https://en.wikipedia.org/wiki/Synesius,https://www.trismegistos.org/author/3702
4989,Marcus Manilius,"Marcus Manilius (Latin, astrology, poetry, fl. AD 12)",http://catalog.perseus.org/catalog/urn:cite:perseus:author.887,https://en.wikipedia.org/wiki/Marcus_Manilius,https://www.trismegistos.org/author/4989
819,Rufinus of Aquileia,"Rufinus of Aquileia (Latin, history, theology, AD 344 - 411)",http://catalog.perseus.org/catalog/urn:cite:perseus:author.1228,https://en.wikipedia.org/wiki/Tyrannius_Rufinus,https://www.trismegistos.org/author/819
199,Columella,"Columella (Latin, agriculture, AD 4 - 70)",http://catalog.perseus.org/catalog/urn:cite:perseus:author.394,https://en.wikipedia.org/wiki/Columella,https://www.trismegistos.org/author/199
7,Achilleus Tatios,"Achilleus Tatios (Greek, erotic, AD 150 - 225)",http://catalog.perseus.org/catalog/urn:cite:perseus:author.10,https://en.wikipedia.org/wiki/Achilles_Tatius,https://www.trismegistos.org/author/7
4839,Phaedrus,"Phaedrus (Latin, fable, BC 15 - AD 50 about)",http://catalog.perseus.org/catalog/urn:cite:perseus:author.1068,https://en.wikipedia.org/wiki/Phaedrus_(fabulist),https://www.trismegistos.org/author/4839
8079,Protagoras Abderita,"Protagoras Abderita (Greek, philosophy sophist, BC 490 - 420 about)",,https://en.wikipedia.org/wiki/Protagoras,https://www.trismegistos.org/author/8079
835,Seneca rhetor,"Seneca rhetor (Latin, rhetoric, BC 54 - AD 39 about)",http://catalog.perseus.org/catalog/urn:cite:perseus:author.1271,https://en.wikipedia.org/wiki/Seneca_the_Elder,https://www.trismegistos.org/author/835
951,Valerius Maximus,"Valerius Maximus (Latin, history, BC 25 - AD 50)",http://catalog.perseus.org/catalog/urn:cite:perseus:author.1448,https://en.wikipedia.org/wiki/Valerius_Maximus,https://www.trismegistos.org/author/951
104,Areios,"Areios (Greek, epistolography, fl. AD 318)",,https://en.wikipedia.org/wiki/Arius,https://www.trismegistos.org/author/104
560,Martianus Capella,"Martianus Capella (Latin, history, AD 375 - 450)",http://catalog.perseus.org/catalog/urn:cite:perseus:author.898,https://en.wikipedia.org/wiki/Martianus_Capella,https://www.trismegistos.org/author/560
644,Pelagius,"Pelagius (Latin, theology, AD 350 - 430)",,https://en.wikipedia.org/wiki/Pelagius,https://www.trismegistos.org/author/644
1538,Anaxagoras,"Anaxagoras (Greek, philosophy pluralist, astronomy, BC 500 - 428)",,https://en.wikipedia.org/wiki/Anaxagoras,https://www.trismegistos.org/author/1538
955,Velleius Paterculus,"Velleius Paterculus (Latin, history, BC 19 - AD 31)",http://catalog.perseus.org/catalog/urn:cite:perseus:author.1458,https://en.wikipedia.org/wiki/Velleius_Paterculus,https://www.trismegistos.org/author/955
261,Donatus,"Donatus (Latin, grammar, AD 325 - 375)",http://catalog.perseus.org/catalog/urn:cite:perseus:author.529,https://en.wikipedia.org/wiki/Aelius_Donatus,https://www.trismegistos.org/author/261
204,Cornelius Nepos,"Cornelius Nepos (Latin, biography, grammar, BC 99 - 24 about)",http://catalog.perseus.org/catalog/urn:cite:perseus:author.968,https://en.wikipedia.org/wiki/Cornelius_Nepos,https://www.trismegistos.org/author/204
209,Curtius Rufus,"Curtius Rufus (Latin, history, fl. AD 50)",http://catalog.perseus.org/catalog/urn:cite:perseus:author.428,https://en.wikipedia.org/wiki/Curtius_Rufus,https://www.trismegistos.org/author/209
273,Ephraem of Syria,"Ephraem of Syria (Syriac, theology, hagiography, chronography, AD 306 about - 373)",http://catalog.perseus.org/catalog/urn:cite:perseus:author.557,https://en.wikipedia.org/wiki/Ephraim_the_Syrian,https://www.trismegistos.org/author/273
910,Themistios,"Themistios (Greek, philosophy Neoplatonic, AD 317 - 390 about)",,https://en.wikipedia.org/wiki/Themistius,https://www.trismegistos.org/author/910
272,Ephraem Graecus,"Ephraem Graecus (Greek, theology, AD 300 - 399)",,https://en.wikipedia.org/wiki/Ephrem_the_Syrian#Greek_Ephrem,https://www.trismegistos.org/author/272
23,Aischines orator,"Aischines orator (Greek, rhetoric, poetry epigram, BC 389 - 314)",http://catalog.perseus.org/catalog/urn:cite:perseus:author.31,https://en.wikipedia.org/wiki/Aeschines,https://www.trismegistos.org/author/23
42,Alkman,"Alkman (Greek, poetry lyric, BC 699 - 600)",http://catalog.perseus.org/catalog/urn:cite:perseus:author.57,https://en.wikipedia.org/wiki/Alcman,https://www.trismegistos.org/author/42
4776,Xenophanes of Kolophon,"Xenophanes of Kolophon (Greek, philosophy presocratic Eleatic, poetry epigram, lyric, elegy, history, BC 570 - 478 about)",http://catalog.perseus.org/catalog/urn:cite:perseus:author.1497,https://en.wikipedia.org/wiki/Xenophanes,https://www.trismegistos.org/author/4776
613,Orosius,"Orosius (Latin, history, AD 375 about - 418 after)",http://catalog.perseus.org/catalog/urn:cite:perseus:author.1675,https://en.wikipedia.org/wiki/Orosius,https://www.trismegistos.org/author/613
715,Priscianus,"Priscianus (Latin, grammar, fl. AD 500 - 520)",http://catalog.perseus.org/catalog/urn:cite:perseus:author.1179,https://en.wikipedia.org/wiki/Priscian,https://www.trismegistos.org/author/715
859,Simplicius,"Simplicius (Greek, philosophy Neoplatonic, AD 490 - 560)",,https://en.wikipedia.org/wiki/Simplicius_of_Cilicia,https://www.trismegistos.org/author/859
426,Ioannes Philoponos,"Ioannes Philoponos (Greek, philosophy, medicine, AD 490 - 580)",,https://en.wikipedia.org/wiki/John_Philoponus,https://www.trismegistos.org/author/426
102,Archimedes,"Archimedes (Greek, science, mathematics, poetry epigram, BC 287 - 212 about)",http://catalog.perseus.org/catalog/urn:cite:perseus:author.176,https://en.wikipedia.org/wiki/Archimedes,https://www.trismegistos.org/author/102
22,Ailianos,"Ailianos (Greek, history, AD 175 - 235 about)",http://catalog.perseus.org/catalog/urn:cite:perseus:author.19,https://en.wikipedia.org/wiki/Claudius_Aelianus,https://www.trismegistos.org/author/22
186,Chrysippos,"Chrysippos (Greek, philosophy Stoa, BC 281 - 204)",http://catalog.perseus.org/catalog/urn:cite:perseus:author.363,https://en.wikipedia.org/wiki/Chrysippus,https://www.trismegistos.org/author/186
956,Venantius Fortunatus,"Venantius Fortunatus (Latin, poetry, AD 530 - 609 about)",http://catalog.perseus.org/catalog/urn:cite:perseus:author.635,https://en.wikipedia.org/wiki/Venantius_Fortunatus,https://www.trismegistos.org/author/956
6227,Anonymus of the Suidas,"Anonymus of the Suidas (Greek, lexicography, AD 900 - 999)",http://catalog.perseus.org/catalog/urn:cite:perseus:author.1722,https://en.wikipedia.org/wiki/Suda,https://www.trismegistos.org/author/6227
277,Epiphanios,"Epiphanios (Greek, theology, history, AD 310 - 403 about)",,https://en.wikipedia.org/wiki/Epiphanius_of_Salamis,https://www.trismegistos.org/author/277
7364,Anonymi of the Panegyrici Latini,"Anonymi of the Panegyrici Latini (Latin, rhetoric, AD 289 - 389)",,https://en.wikipedia.org/wiki/Panegyrici_Latini,https://www.trismegistos.org/author/7364
531,Lykophron,"Lykophron (Greek, poetry tragedy, poetry satire, grammar, BC 320 - 200)",http://catalog.perseus.org/catalog/urn:cite:perseus:author.857,https://en.wikipedia.org/wiki/Lycophron,https://www.trismegistos.org/author/531
5946,Blossius Aemilius Dracontius,"Blossius Aemilius Dracontius (Latin, poetry, AD 400 - 499)",http://catalog.perseus.org/catalog/urn:cite:perseus:author.535,https://en.wikipedia.org/wiki/Dracontius,https://www.trismegistos.org/author/5946
286,Euagrios of Pontos,"Euagrios of Pontos (Greek, religion, AD 345 - 399)",http://catalog.perseus.org/catalog/urn:cite:perseus:author.613,https://en.wikipedia.org/wiki/Evagrius_Ponticus,https://www.trismegistos.org/author/286
319,Florus,"Florus (Latin, history, AD 74 - 130 about)",http://catalog.perseus.org/catalog/urn:cite:perseus:author.633,https://en.wikipedia.org/wiki/Florus,https://www.trismegistos.org/author/319
1060,Iustinus,"Iustinus (Latin, history, fl. AD 150)",http://catalog.perseus.org/catalog/urn:cite:perseus:author.799,https://en.wikipedia.org/wiki/Justin_(historian),https://www.trismegistos.org/author/1060
323,Fronto,"Fronto (Latin / Greek, rhetoric, AD 100 - 165 about)",http://catalog.perseus.org/catalog/urn:cite:perseus:author.640,https://en.wikipedia.org/wiki/Marco_Cornelio_Fronto,https://www.trismegistos.org/author/323
1938,Aulus Cornelius Celsus,"Aulus Cornelius Celsus (Latin, medicine, encyclopedia, BC 25 - AD 50 about)",http://catalog.perseus.org/catalog/urn:cite:perseus:author.340,https://en.wikipedia.org/wiki/Aulus_Cornelius_Celsus,https://www.trismegistos.org/author/1938
379,Herondas,"Herondas (Greek, poetry, comedy, BC 299 - 200)",http://catalog.perseus.org/catalog/urn:cite:perseus:author.725,https://en.wikipedia.org/wiki/Herondas,https://www.trismegistos.org/author/379
325,Gaius,"Gaius (Latin, law, AD 110 - 180 about)",http://catalog.perseus.org/catalog/urn:cite:perseus:author.647,https://en.wikipedia.org/wiki/Gaius_(jurist),https://www.trismegistos.org/author/325
370,Hermas,"Hermas (Greek, theology, AD 100 - 199)",,https://en.wikipedia.org/wiki/Hermas_(freedman),https://www.trismegistos.org/author/370
900,Tatianos,"Tatianos (Greek / Syriac, theology, AD 120 - 180)",,https://en.wikipedia.org/wiki/Tatian,https://www.trismegistos.org/author/900
203,Gaius Cornelius Gallus,"Gaius Cornelius Gallus (Latin / Greek, poetry elegy, rhetoric, BC 70 - 26 about)",http://catalog.perseus.org/catalog/urn:cite:perseus:author.653,https://en.wikipedia.org/wiki/Cornelius_Gallus,https://www.trismegistos.org/author/203
