q_identifier,mediate_label,viaf_id,mediate_nb_items,mediate_nb_collections,trismegistos_label,trismegistos_id,english_label,french_label,latin_label,english_aliases,french_aliases,latin_aliases,writing_languages
Q10133,Suetonius,100218606,692.0,318.0,Suetonius,889.0,Suetonius,Suétone,Suetonius,"[""Gaius Suetonius Tranquillus"", ""Gaio Svetonio Tranquillo"", ""Svetonio"", ""Caius Suetonius Tranquillus"", ""Su\u00e9tone"", ""Tranquillus Suetonius"", ""C. Suetonius Tranquillus"", ""Suetone Tranquile"", ""Suetone"", ""Sveton"", ""Sueton""]",[],"[""Gaius Suetonius Tranquillus"", ""Gaius Suetonius Tranquillus Biographus"", ""Caius Suetonius Tranquillus""]","[""Latin""]"
Q102338318,,,,,Appendix Vergiliana,5098.0,authors of Appendix Vergiliana,auteurs de l'Appendix Vergiliana,auctores Appendicis Vergilianae,"[""authors of the Appendix Vergiliana""]",[],[],"[""Latin""]"
Q10261,,,,,Pythagoras,803.0,Pythagoras,Pythagore,Pythagoras,"[""Pythagoras from Samos"", ""Pythagoras of Samos"", ""Samian Sage""]",[],"[""Pythagoras Samius"", ""Pythagoras Philosophus""]",[]
Q102851,"Boethius, Anicius Manlius Severinus",100218964,280.0,188.0,Boethius,164.0,Boethius,Boèce,Anicius Manlius Torquatus Severinus Boethius,"[""Anicius Manlius Severinus Bo\u00ebthius"", ""Anicus Manlius Severinus Boethius"", ""Anicius Manlius Torquatus Severinus Boethius""]","[""S\u00e9verin Bo\u00e8ce"", ""Boethius"", ""Boetius"", ""Anicius Manlius Severinus Boethius"", ""Anicius Bo\u00e8ce"", ""Bo\u00ebce""]","[""Anicius Manlius Torquatus Severinus Bo\u00ebthius"", ""Boethius"", ""Anicius Manlius Severinus Bo\u00ebthius"", ""Anicius Manlius Severinus Boethius"", ""Bo\u00ebthius"", ""Severinus Boethius"", ""Anicius Manlius Severinus Boetius""]","[""Latin""]"
Q1048,"Caesar, Gaius Julius",286265178,823.0,364.0,Caesar,168.0,Julius Caesar,Jules César,Gaius Iulius Caesar,"[""Divine Julius""]","[""Jules Caesar"", ""C\u00e9sar"", ""Caius Julius Caesar""]","[""CAIVS\u2022IVLIVS\u2022CAESAR"", ""IMPERATOR\u2022CAIVS\u2022IVLIVS\u2022CAESAR\u2022DIVVS"", ""C.Iulius C.f.C.n. Caesar""]","[""Latin""]"
Q1049225,Rufus of Ephesus,42630594,10.0,7.0,,,Rufus of Ephesus,Rufus,Rufus Ephesius,[],"[""Rufus d'\u00c9ph\u00e8se""]","[""Rufus Medicus""]","[""Ancient Greek""]"
Q106026,,,,,Areios,104.0,Arius,Arius,Arius,"[""Arius of Alexandria""]","[""Arius d'Alexandrie""]","[""Arius Alexandrinus"", ""Arius Haeresiarcha""]","[""Ancient Greek""]"
Q107317,Ulfilas (bishop),66477200,3.0,1.0,,,Ulfilas,Wulfila,Ulfilas,"[""Ulphilas"", ""Orphila"", ""Wulfila""]","[""Ulfilas"", ""Ulphilas"", ""Ulfila""]","[""Ulfila"", ""Ulfila Episcopus""]",[]
Q109594,Cornelius Nepos,100219060,478.0,271.0,Cornelius Nepos,204.0,Cornelius Nepos,Cornélius Népos,Cornelius Nepos,[],"[""Cornelius Nepos"", ""Corn\u00e9lius Nepos""]","[""Cornelius Nepos Historicus""]","[""Latin""]"
Q109598,,,,,Tibullus,1275.0,Tibullus,Tibulle,Albius Tibullus,"[""Tibullus Albius"", ""Albius Tibullus""]","[""Tibullus""]","[""Tibullus""]","[""Latin""]"
Q116508,Oppian of Cilicia,86913544,40.0,36.0,,,Oppian,Oppien de Corycos,Oppianus Corycius,"[""Oppianus"", ""Oppian of Corycus"", ""Oppianos""]","[""Oppien d'Anazarbe"", ""Oppien de Cilicie"", ""Oppien""]","[""Oppianus Anazarbensis"", ""Oppianus Epicus""]","[""Ancient Greek""]"
Q117253,Demosthenes,268302412,449.0,212.0,Demosthenes,226.0,Demosthenes,Démosthène,Demosthenes,"[""Dimosthenis""]",[],"[""Demosthenes Atheniensis"", ""Demosthenes Orator""]","[""Ancient Greek""]"
Q118992,Menander,297103308,54.0,43.0,Menandros,571.0,Menander,Ménandre,Menander,"[""Menander of Athens""]","[""Menandre""]","[""Menander Atheniensis"", ""Menander Comicus""]","[""Ancient Greek""]"
Q1231472,Philostratus the Younger,14850802,35.0,31.0,,,Philostratus the Younger,Philostrate le Jeune,Philostratus IV,"[""Philostratus IV"", ""Philostratus of Lemnos""]",[],"[""Philostratus Junior Sophista"", ""Philostratus Iunior Sophista""]","[""Ancient Greek""]"
Q1247278,Theophylact of Ohrid,69730041,69.0,47.0,,,Theophylact of Ohrid,Théophylacte d'Ohrid,Theophylactus Achridensis,[],"[""Th\u00e9ophylacte d'Achrida"", ""Th\u00e9ophylacte d'Ochrid"", ""Th\u00e9ophylacte de Bulgarie""]","[""Theophylactus Ochridensis"", ""Theophylactus Bulgarorum archiepiscopus"", ""Theophylactus Bulgarias"", ""Theophylactus de Achrida""]","[""Medieval Greek""]"
Q125551,,,,,Parmenides,3340.0,Parmenides,Parménide,Parmenides,"[""Parmenides of Elea""]","[""Parmenide"", ""Parm\u00e9nide d'\u00c9l\u00e9e"", ""Parmenides""]","[""Parmenides Philosophus"", ""Parmenides Poeta"", ""Parmenides Eleaticus""]","[""Ancient Greek""]"
Q129772,Xenophon of Athens,89597697,569.0,270.0,Xenophon,972.0,Xenophon,Xénophon,Xenophon,"[""Xenophon of Athens""]","[""Xenophon""]","[""Xenophon Historicus"", ""Xenophon Atheniensis""]","[""Ancient Greek""]"
Q130997,Damasus I (Pope),267405622,5.0,5.0,,,Damasus I,Damase Ier,Damasus I,"[""Damasus"", ""Pope Damasus I""]","[""Saint Damase""]","[""Sanctus Damasus PP. I""]","[""Latin""]"
Q131169,Polybius,18152380130901762264,284.0,196.0,Polybios,700.0,Polybius,Polybe,Polybius,"[""Polybius of Megalopolis""]","[""Pol\u00fabios"", ""Polybius""]","[""Polybius Historicus"", ""Polybius Megalopolitanus""]","[""Ancient Greek""]"
Q131671,,,,,Xenophanes of Kolophon,4776.0,Xenophanes,Xénophane,Xenophanes,"[""Xenophanes of Colophon""]","[""X\u00e9nophane de Colophon"", ""Xenophane de Colophon""]","[""Xenophanes Philosophus"", ""Xenophanes Poeta"", ""Xenophanes Colophonius""]","[""Ancient Greek""]"
Q132473,,,,,Paulinus of Nola,632.0,Paulinus of Nola,Paulin de Nole,Paulinus Nolanus,"[""Paulinus Nolanus"", ""St. Paulinus of Nola""]",[],[],"[""Latin""]"
Q133337,,,,,Solon,864.0,Solon,Solon,Solon,"[""Solon of Athens""]","[""Solon d'Ath\u00e8nes""]","[""Solon Nomographus"", ""Solon Atheniensis"", ""Solon Philosophus"", ""Solon Poeta""]","[""Ancient Greek""]"
Q13410930,"Rutilius Lupus, Publius (rhetorician)",100211635,10.0,10.0,,,Publius Rutilius Lupus,Publius Rutilius Lupus,Publius Rutilius Lupus,"[""Rutilius Lupus""]",[],"[""Rutilius Lupus"", ""Rutilius Lupus Rhetor""]","[""Latin""]"
Q134189,Plotinus,108386765,27.0,25.0,Plotinos,3481.0,Plotinus,Plotin,Plotinus,"[""Plotinos""]",[],"[""Plotinus Lycopolitanus"", ""Plotinus Philosophus""]","[""Ancient Greek""]"
Q134461,"Josephus, Flavius",22143666,618.0,388.0,Flavius Iosephos,318.0,Josephus,Flavius Josèphe,Flavius Iosephus,"[""Flavius Iosephus"", ""Flavius Josephus"", ""Joseph ben Matityahu"", ""Titus Flavius Josephus""]","[""Titus-Flauius Josephus"", ""Titus Flauius Josephus"", ""Titus-Flavius Jos\u00e8phe"", ""Jos\u00e8phe ben Mattatias"", ""Josephus"", ""Titus Flavius Jos\u00e8phe"", ""Flavius Josephe"", ""Yossef ben Matityahou""]","[""Iosephus Historicus"", ""Flavius Josephus"", ""Josephus Historicus""]","[""Ancient Greek""]"
Q134929,Pindar,100181310,317.0,164.0,Pindaros,690.0,Pindar,Pindare,Pindarus,"[""Pindaros"", ""Pindarus"", ""Dirc\u00e6an Swan""]",[],"[""Pindarus Poeta"", ""Pindarus Boeotus"", ""Pindarus Lyricus""]","[""Ancient Greek""]"
Q137152,Aeneas of Gaza,85151247927244270006,3.0,3.0,,,Aeneas of Gaza,Énée de Gaza,Aeneas Gazaeus,[],[],"[""Aeneas Rhetor"", ""Aeneas Philosophus""]","[""Ancient Greek""]"
Q1389145,"Lydus, Johannes",109213110,1.0,1.0,,,John the Lydian,Jean le Lydien,Ioannes Lydus,"[""John Lydus"", ""Ioannes Laurentius Lydus""]","[""Jean Lydus""]","[""Iohannes Lydus"", ""Ioannes Laurentius Lydus""]","[""Medieval Greek""]"
Q1392801,,,,,Poseidippos of Pella,709.0,Posidippus,Posidippe,Posidippus,"[""Posidippus of Pella""]","[""Posidippos"", ""Posidippus""]","[""Posidippus Pellensis""]","[""Ancient Greek""]"
Q1398,Virgil (Vergilius Maro),8194433,1892.0,466.0,Vergilius,958.0,Virgil,Virgile,Publius Vergilius Maro,"[""Swan of Mantua"", ""Publius Vergilius Maro"", ""Mantuan Swan"", ""Vergil""]","[""Publius Vergilius Maro""]","[""Vergilius Maro"", ""Vergilius""]","[""Latin""]"
Q140188,Aristarchus of Samos,79398695,4.0,4.0,,,Aristarchus of Samos,Aristarque de Samos,Aristarchus Samius,"[""Aristarchos of Samos""]",[],"[""Aristarchus Astronomus"", ""Aristarchus Samius Astronomus""]","[""Ancient Greek""]"
Q1405,,,,,Augustus,138.0,Augustus,Auguste,Augustus,"[""Gaius Julius Caesar"", ""Gaius Octavius Caepias"", ""Gaius Octavian"", ""Octavius Caesar"", ""Gaius Julius Caesar Augustus"", ""Caesar Octavianus"", ""Gaius Julius Caesar Octavianus"", ""Octavianus"", ""Augustus Caesar"", ""Caius Octavius Thurinus"", ""Caius Octavius"", ""Octavian"", ""Gaius Caesar"", ""Caius Julius C\u00e6sar Octavianus"", ""Gaius Octavius"", ""Gaius Octavius Thurinus"", ""Caesar Augustus"", ""Imperator Gaius Julius Caesar Octavianus Divi Filius Augustus"", ""Gaius Julius Caesar Octavianus Augustus""]","[""C\u00e9sar Auguste"", ""Octave"", ""Gaius Julius Caesar"", ""Empereur Romain Auguste"", ""Octavius Caesar"", ""Gaius Octavius"", ""Caesar Augustus"", ""Octavien"", ""Gaius Julius Caesar Augustus""]","[""\u0393\u03ac\u03ca\u03bf\u03c2 \u1f48\u03ba\u03c4\u03b1\u03bf\u03cd\u03b9\u03bf\u03c2"", ""Imperator Caesar Divi F. Augustus"", ""Imperator Caesar Divi Filius Augustus"", ""Gaius Octavius"", ""\u039a\u03b1\u1fd6\u03c3\u03b1\u03c1 \u03a3\u03b5\u03b2\u03b1\u03c3\u03c4\u03cc\u03c2 \u03b8\u03b5\u03cc\u03c2"", ""Gaius Iulius Caesar Octavianus"", ""Imperator Caesar Divi f. Augustus""]","[""Latin""]"
Q142999,Eusebius of Caesarea,4929593,390.0,210.0,Eusebios,300.0,Eusebius of Caesarea,Eusèbe de Césarée,Eusebius Caesariensis,"[""Eusebius Pamphili"", ""Eusebius""]",[],"[""Eusebius Pamphilus"", ""Eusebius Scriptor ecclesiasticus"", ""Eusebius Pamphili"", ""Eusebius Theologus""]","[""Ancient Greek""]"
Q1430,Marcus Aurelius Antoninus (emperor),102895066,223.0,161.0,Marcus Aurelius,2952.0,Marcus Aurelius,Marc Aurèle,Marcus Aurelius,"[""Caesar Marcus Aurelius Antoninus Augustus"", ""Antoninus"", ""Marcus Annius Verus"", ""Marcus Aurelius Verus"", ""Verissimus"", ""Marcus Catilius Severus Annius Verus"", ""Marcus Aurelius Antoninus""]",[],"[""Marcus Aurelius Antoninus"", ""Marcus Aurelius Antoninus Philosophus"", ""Marcus Aurelius Antoninus Imperator""]","[""Latin"", ""Ancient Greek""]"
Q1526652,Albinovanus Pedo,8826150033013511180002,23.0,23.0,,,Albinovanus Pedo,Albinovanus Pedo,Albinovanus Pedo,"[""Gaius Pedo Albinovanus""]","[""Gaius Pedo Albinovanus"", ""Caius Pedo Albinovanus""]","[""Gaius Pedo Albinovanus""]","[""Latin""]"
Q1534037,,,,,Anonymus of the Suidas,6227.0,Suidas,Suidas,Suidas,"[""S\u016b\u00efdas"", ""Su\u00efdas"", ""Soudas"", ""Souidas""]",[],[],[]
Q1541,"Cicero, Marcus Tullius",78769600,2761.0,451.0,Cicero,187.0,Cicero,Cicéron,Marcus Tullius Cicero,"[""Tully"", ""Marcus Tullius Cicero"", ""M. Tullii Ciceronis"", ""M. Tullius Cicero""]","[""Marcus Tullius Cicero""]","[""Cicero"", ""M.Tullius M.f.M.n. Cor. Cicero""]","[""Latin""]"
Q154938,,,,,Beda Venerabilis,158.0,Bede,Bède le Vénérable,Beda,"[""Beda"", ""Doctor Anglorum"", ""Bede the Venerable"", ""Bede le Venerable"", ""Venerable Bede"", ""Beda Anglicus"", ""Saint Bede"", ""Saint Bede the Venerable"", ""Doctor of the English""]","[""Bede le Venerable"", ""B\u00e8de"", ""Saint B\u00e8de le V\u00e9n\u00e9rable"", ""Beda Venerabilis""]","[""Sanctus"", ""Beda Venerabilis""]","[""Latin""]"
Q160362,Theophrastus,265397758,419.0,268.0,Theophrastos,931.0,Theophrastus,Théophraste,Theophrastus,"[""Theophrastus of Eresos"", ""Theophr.""]","[""Theophraste"", ""Theophrastus"", ""Th\u00e9ophraste d'Ath\u00e8nes"", ""Theophr.""]","[""Theophrastus Philosophus"", ""Tyrtamus"", ""Theophrastus Eresius""]","[""Ancient Greek""]"
Q1616094,Hesychius of Jerusalem,262453640,3.0,3.0,,,Hesychius of Jerusalem,Hésychios de Jérusalem,Hesychius Hierosolymitanus,[],[],"[""Hesychius Hierosolymitanus Presbyter""]","[""Ancient Greek""]"
Q161853,Heron of Alexandria,50151776733818010028,16.0,13.0,,,Hero of Alexandria,Héron d'Alexandrie,Heron Alexandrinus,"[""Hero""]","[""Heron d'Alexandrie"", ""H\u00e9ron d\u2019Alexandrie"", ""H\u00e9ron l'Ancien""]","[""Hero Mechanicus"", ""Hero Alexandrinus"", ""Heron Mechanicus""]","[""Ancient Greek""]"
Q162593,,,,,Pelagius,644.0,Pelagius,Pélage,Pelagius,"[""Morgan""]","[""Pelagius""]","[""Pelagius Britannicus"", ""Pelagius Theologus""]",[]
Q163079,"Catullus, Gaius Valerius",100218993,425.0,230.0,Catullus,175.0,Catullus,Catulle,Gaius Valerius Catullus,"[""Gaius Valerius Catullus"", ""Caius Valerius Catullus""]","[""Caius Valerius Catullus"", ""Catullus""]","[""Caius Valerius Catullus"", ""Catullus""]","[""Latin""]"
Q166876,,,,,Isidorus of Sevilla,446.0,Isidore of Seville,Isidore de Séville,Isidorus Hispalensis,"[""St. Isidore"", ""Bishop of Seville"", ""Isidorus Hispalensis"", ""Isidor of Seville"", ""Saint Isidore of Seville""]","[""Isidoire de S\u00e9ville"", ""Saint Isidore de S\u00e9ville"", ""Isidore de Seville""]","[""Laus Hispaniae Isidori Hispaliensis"", ""Isidorus""]","[""Latin""]"
Q168707,,,,,Plinius the Younger,696.0,Pliny the Younger,Pline le Jeune,Gaius Plinius Caecilius Secundus,"[""the Younger Pliny"", ""Gaius Plinius Caecilius Secundus"", ""Gaius Caecilius Cilo"", ""C. Plinius Caecilius Secundus""]","[""Gaius Plinius Caecilius Secundus"", ""Caius Plinius Lucius filius Oufentina tribu Caecilius Secundus""]","[""C. Plinius Caecilius Secundus"", ""Caius Plinius Caecilius Secundus"", ""Plinius Minor""]","[""Latin""]"
Q169243,,,,,Protagoras Abderita,8079.0,Protagoras,Protagoras,Protagoras,"[""Protagoras of Abdera""]","[""Protagoras d\u2019Abd\u00e8re"", ""Protagoras d'Abd\u00e8re""]","[""Protagoras Sophista"", ""Protagoras Abderita""]","[""Ancient Greek""]"
Q170472,Origen,95155322,182.0,115.0,Origenes,612.0,Origen,Origène,Origenes,"[""Origenes""]","[""Orig\u00e8ne d'Alexandrie"", ""Origene"", ""Orig\u00e8nes""]","[""Origenes Alexandrinus"", ""Origenes Adamantius"", ""Origenes Theologus""]","[""Koine Greek""]"
Q170512,Apuleius,32115433,273.0,179.0,Apuleius,97.0,Apuleius,Apulée,Lucius Apuleius,"[""Lucius Apuleius""]","[""Apulee""]","[""Apuleius Madaurensis"", ""Lucius Apuleius Madaurensis"", ""Apuleius""]","[""Latin""]"
Q171241,Diodorus Siculus,56608763,192.0,147.0,Diodoros of Sicily,234.0,Diodorus Siculus,Diodore de Sicile,Diodorus Siculus,"[""Diodoros of Sicily"", ""Diodorus"", ""Diodoros"", ""Diodorus of Sicily""]","[""Diodorus Siculus""]","[""Diodorus"", ""Diodorus Siculus Historicus""]","[""Ancient Greek""]"
Q172048,Terence (Publius Terentius Afer),66462384,1185.0,399.0,Terentius,906.0,Terence,Térence,Publius Terentius Afer,"[""Terentius"", ""Publius Terentius Afer""]","[""Terentius"", ""Terence"", ""Publius Terentius Afer""]","[""Terentius"", ""Terentius Comicus"", ""P. Terentius Afer""]","[""Latin""]"
Q172198,Ammianus Marcellinus,89594750,133.0,109.0,Ammianus Marcellinus,47.0,Ammianus Marcellinus,Ammien Marcellin,Ammianus Marcellinus,"[""Ammianus""]","[""Amien Marcellin"", ""Ammianus Marcellinus"", ""Ammianus""]","[""Ammianus"", ""Ammianus Marcellinus Historicus""]","[""Latin""]"
Q174929,"Tertullian, Quintus Septimius",257902368,254.0,156.0,Tertullianus,907.0,Tertullian,Tertullien,Quintus Septimius Florens Tertullianus,"[""Quintus Septimius Florens Tertullianus""]","[""Quintus Septimus Florens Tertullianus""]","[""Tertullianus Scriptor ecclesiasticus"", ""Quintus Septimus Florens Tertullianus"", ""Tertullianus""]","[""Latin""]"
Q177847,Lucian of Samosata,100218901,525.0,292.0,Loukianos,524.0,Lucian of Samosata,Lucien de Samosate,Lucianus Samosatensis,"[""Lucian"", ""Lucianus"", ""Loukianos"", ""Lucianus Samosatenus""]",[],"[""Lucianus Sophista"", ""Lucianus""]","[""Ancient Greek""]"
Q1779484,Colluthus,62351876,15.0,13.0,,,Coluthus,Coluthos,Colluthus,"[""Colluthus"", ""Colluthus of Lycopolis""]","[""Colouthos"", ""Colluthos""]","[""Coluthus"", ""Colluthus Epicus"", ""Colluthus Lycopolitanus""]","[""Ancient Greek""]"
Q178217,Diophantus of Alexandria,2604182,20.0,20.0,,,Diophantus of Alexandria,Diophante d'Alexandrie,Diophantus Alexandrinus,"[""Diophantus""]","[""Diophant"", ""Diophante""]","[""Diophantus Mathematicus"", ""Diophantus""]","[""Ancient Greek""]"
Q17892,Sappho,78770488,155.0,115.0,Sappho,827.0,Sappho,Sappho,Sappho,"[""Sapphus"", ""Psappho"", ""Sapho""]","[""Sapho""]","[""Sappho Poeta"", ""Sappho Lyrica"", ""Sappho Lesbia""]","[""Ancient Greek""]"
Q179785,,,,,Gorgias of Leontinoi,2449.0,Gorgias,Gorgias,Gorgias,"[""Gorgias of Leontini""]",[],"[""Gorgias Sophista"", ""Gorgias Leontinus""]","[""Attic Greek""]"
Q1799472,,,,,Hermas,370.0,Hermas,Hermas,Hermas,[],[],"[""Hermas Scriptor ecclesiasticus""]",[]
Q180081,Cato (the Elder),99852885,75.0,61.0,Marcus Porcius Cato,4908.0,Cato the Elder,Caton l'Ancien,Marcus Porcius Cato maior,"[""Marcus Porcius Catus"", ""Marcus Porcius Cato Maior"", ""Marcus Porcius Cato Sapiens"", ""Cato Censor"", ""Cato Sapiens"", ""Marcus Porcius Cato"", ""Marcus Porcius Cato Major"", ""Cato Major"", ""Marcus Portius Cato""]","[""Caton le Censeur"", ""Marcus Porcius Cato Maior""]","[""Marcus Porcius Cato Censor"", ""Marcus Porcius Catus"", ""Cato Maior"", ""Cato senior"", ""M. Porcius Cato maior"", ""Cato Censor"", ""Marcus Porcius Cato Censorius"", ""Marcus Cato"", ""Marcus Porcius Cato""]","[""Latin""]"
Q180671,Aratus Solaeus,100908520,34.0,25.0,Aratos,99.0,Aratus,Aratos de Soles,Aratus Solensis,"[""Aratus of Soli""]","[""Aratus de Soli"", ""Aratus"", ""Aratos""]","[""Aratus""]","[""Ancient Greek""]"
Q182123,Iranaeus of Lyon (saint),70051641,6.0,6.0,Eirenaios,438.0,Irenaeus,Irénée de Lyon,Irenaeus,"[""Iren\u00e6us"", ""Irenaeus of Lyon""]","[""Iranaeus"", ""Irenee de Lyon"", ""Saint Ir\u00e9n\u00e9e de Lyon"", ""Irenaeus""]","[""Irenaeus Lugdunensis"", ""Sanctus Irenaeus"", ""Irenaeus Theologus""]","[""Ancient Greek""]"
Q183144,Epictetus,100218891,436.0,240.0,Epiktetos,276.0,Epictetus,Épictète,Epictetus,"[""Epiktetos"", ""Epictetus of Hierapolis""]","[""Epictete"", ""Epict\u00e8te""]","[""Epictetus Hierapolitanus"", ""Epictetus Philosophus""]","[""Ancient Greek""]"
Q183420,Nonius Marcellus,59182520,25.0,24.0,,,Nonius Marcellus,Nonius Marcellus,Nonius Marcellus,"[""Marcellus Nonius""]",[],"[""Nonius Marcellus Grammaticus""]","[""Latin""]"
Q185117,Justin Martyr (saint),88878069,155.0,118.0,Iustinus martyr,467.0,Justin Martyr,Justin de Naplouse,Iustinus Martyr,"[""Justin the Philosopher"", ""Saint Justin"", ""Justin"", ""Iustinus Martyr"", ""St. Justin""]","[""Justin le Martyr"", ""Justin martyr""]",[],"[""Ancient Greek""]"
Q185223,Cassius Dio,95167625,162.0,118.0,Cassius Dion,172.0,Cassius Dio,Dion Cassius,Cassius Dio,"[""Dion Cassius"", ""Dio Cassius""]","[""Cassius Dion"", ""Cassius Dio"", ""Dio Cassius""]","[""Cassius Dio Cocceianus"", ""Dio Cassius Historicus"", ""Cassius Dio Historicus"", ""Dio Cassius"", ""Lucius Cassius Dio Cocceianus""]","[""Ancient Greek""]"
Q185732,"Avianus, Flavius",41836105,28.0,26.0,,,Avianus,Avianus,Avianus,"[""Flavius Avianus""]","[""Flavius Avianus""]","[""Avianus Poeta"", ""Flavius Avianus""]","[""Latin""]"
Q185770,,,,,Poseidonios of Apameia,710.0,Posidonius,Posidonios,Posidonius Apameus,"[""Poseidonios"", ""Posidonius of Apamea""]","[""Posidonios de Rhodes"", ""Poseidonios d'Apam\u00e9e"", ""Poseidonios"", ""Posidonius d'Apam\u00e9e"", ""Poseid\u00f4nios"", ""Posidonios d'Apam\u00e9e"", ""Posidonius"", ""Posidonius de Rhodes""]","[""Posidonius Philosophus"", ""Posidonius"", ""Posidonius Rhodius""]","[""Ancient Greek""]"
Q186153,Procopius of Caesarea,100172302,82.0,67.0,Prokopios of Kaisareia,3510.0,Procopius,Procope de Césarée,Procopius,"[""Procopius of Caesarea""]","[""Procope de Cesaree""]","[""Procopius Caesarensis"", ""Procopius Historicus""]","[""Ancient Greek""]"
Q188646,Lucan (Marcus Annaeus Lucanus),100902938,501.0,278.0,Lucanus,525.0,Lucan,Lucain,Lucanus,"[""Marcus Annaeus Lucanus"", ""Lucanus""]","[""Marcus Annaeus Lucanus""]","[""Marcus Annaeus Lucanus"", ""M. Annaeus Lucanus"", ""Lucanus Poeta""]","[""Latin""]"
Q188883,Clement of Alexandria,100185827,109.0,92.0,Clemens of Alexandria,196.0,Clement of Alexandria,Clément d'Alexandrie,Clemens Alexandrinus,"[""Saint Clement"", ""Titus Flavius Clemens""]","[""Cl\u00e9ment d\u2019Alexandrie"", ""Clement d'Alexandrie""]","[""Clemens Alexandrinus Theologus"", ""Titus Flavius Clemens""]","[""Ancient Greek""]"
Q189597,Philo Judaeus,307158263,106.0,91.0,Philon of Alexandria,675.0,Philo of Alexandria,Philon d’Alexandrie,Philo Alexandrinus,"[""Philo Alexandrinus"", ""Philio Jud\u00e6us"", ""Philo Judeaus"", ""Philio Alexandrinus"", ""Philio of Alexandria"", ""Philo the Jew"", ""Philo Jud\u00e6us"", ""Philo""]","[""Philo Judaeus"", ""Philon d'Alexandrie""]","[""Philo Iudaeus"", ""Philo Judaeus"", ""Philo Philosophus""]","[""Ancient Greek""]"
Q190240,Cyprian of Carthage (saint),100179090,147.0,103.0,Cyprianus,210.0,Cyprian,Cyprien de Carthage,Cyprianus Carthaginiensis,"[""Saint Cyprian"", ""St. Cyprian"", ""Cyprianus Carthaginiensis"", ""Cyprian of Carthage""]","[""Saint Cyprien de Carthage""]","[""Cyprianus Carthaginensis"", ""Thascius Caecilius Cyprianus"", ""Sanctus Cyprianus""]","[""Latin""]"
Q190368,Appian of Alexandria,100191271,196.0,146.0,Appianos,95.0,Appian,Appien,Appianus Alexandrinus,"[""Appianus Alexandrinus"", ""Appianus of Alexandria"", ""Alexandreos"", ""Appian of Alexandria"", ""Appian\u00f2s Alexandre\u00fas""]","[""Appian"", ""Appien d'Alexandrie""]","[""Appianus""]","[""Ancient Greek""]"
Q191734,Gregory of Nyssa (saint),103646160,47.0,36.0,Gregorios of Nysa,342.0,Gregory of Nyssa,Grégoire de Nysse,Gregorius Nyssenus,"[""Gregorius"", ""St. Gregory of Nyssa"", ""Gregorius Nyssenus""]","[""Gr\u00e9goire de Nic\u00e9e"", ""Saint Gr\u00e9goire de Nysse"", ""Gregoire de Nysse"", ""saint Gr\u00e9goire de Nysse""]",[],"[""Ancient Greek""]"
Q192358,,,,,Anonymi of the Corpus Hermeticum,205.0,Hermes Trismegistus,Hermès Trismégiste,Hermes Trismegistus,"[""Trismegistus""]","[""Hermes Trismegistus"", ""Herm\u00e8s Trismegiste"", ""Hermes Trismegiste""]","[""Mercurius ter Maximus""]","[""Ancient Greek""]"
Q192365,Aurelius Cassiodorus,95230707,55.0,48.0,Cassiodorus,171.0,Cassiodorus,Cassiodore,Cassiodorus,"[""Flavius Magnus Aurelius Cassiodorus Senator""]","[""Cassiodorus""]","[""Flavius Magnus Aurelius Cassiodorus"", ""Cassiodorus Senator"", ""Flavius Magnus Aurelius Cassiodorus Senator""]","[""Latin""]"
Q192371,Polycarp (saint),2475604,18.0,18.0,,,Polycarp,Polycarpe de Smyrne,Polycarpus Smyrnaeus,"[""Polycarp of Smyrna"", ""Bishop Polycarp"", ""Bishop Polycarp of Smyrna""]","[""saint Polycarpe de Smyrne""]","[""Polycarpus Smyrnensis""]","[""Ancient Greek""]"
Q192417,,,,,Kallimachos,480.0,Callimachus,Callimaque de Cyrène,Callimachus,"[""Kallimachos of Kyrene"", ""Battiades"", ""Callimachus of Cyrene""]","[""Callimaque"", ""Callimaque de Cyrene""]","[""Callimachus Philosophus"", ""Callimachus Cyrenaicus"", ""Callimachus Poeta"", ""Callimachus Cyrenaeus"", ""Callimachus Cyrenensis""]","[""Ancient Greek""]"
Q192638,Apollonius of Rhodes,100175273,97.0,70.0,Apollonios of Rhodos,92.0,Apollonius of Rhodes,Apollonios de Rhodes,Apollonius Rhodius,"[""Apollonius Rhodius""]","[""Apollonius de Rhodes""]","[""Apollonius Rhodius Epicus""]","[""Ancient Greek""]"
Q192931,Pausanias,77132959,157.0,130.0,Pausanias,642.0,Pausanias,Pausanias le Périégète,Pausanias,"[""Pausanias Periegetes""]","[""Pausanias"", ""Pausanias le Periegete""]","[""Pausanias Periegeta"", ""Pausanias Periegetes"", ""Pausanias Cappadocius""]","[""Ancient Greek""]"
Q193769,"Quintilian, Marcus Fabius",34451872,401.0,226.0,Quintillianus,804.0,Quintilian,Quintilien,Marcus Fabius Quintilianus,"[""Marcus Fabius Quintilian"", ""Marcus Fabius Quintilianus""]",[],"[""Quintilianus"", ""Quintilianus Rhetor""]","[""Latin""]"
Q193800,Juvenal,83985148,861.0,355.0,Iuvenalis,469.0,Juvenal,Juvénal,Decimus Iunius Iuvenalis,"[""Decimus Iunius Iuvenalis"", ""Decimus Junius Juvenalis""]","[""Juvenal""]","[""Juvenalis"", ""Iuvenalis"", ""Decimus Iunius Iuuenalis""]","[""Latin""]"
Q200608,Ephrem the Syrian,100177778,6.0,5.0,,,Ephrem the Syrian,Éphrem le Syriaque,Ephraem Syrus,"[""Ephraim the Syrian"", ""Ephraem Syrus""]","[""Ephraem le Syrien"", ""\u00c9phrem le Syrien"", ""Ephrem le Syrien"", ""Saint Ephrem le Syrien"", ""\u00c9phrem de Nisibe"", ""\u00c9phr\u00e8me le Syrien""]","[""Ephraem Graecus""]","[""Syriac""]"
Q201323,,,,,Archilochos,101.0,Archilochus of Paros,Archiloque,Archilochus,"[""Archilochus of Paros""]","[""Archiloque de Paros""]","[""Archilochus Elegiacus"", ""Archilochus Poeta"", ""Archilochus Iambographus"", ""Archilochus Parius""]","[""Ancient Greek""]"
Q203445,Porphyry of Tyre,102333270,47.0,43.0,Porphyrios of Tyros,707.0,Porphyry,Porphyre de Tyr,Porphyrius Tyrius,"[""Porphyry of Tyre"", ""Malchus""]",[],"[""Porphyrius"", ""Porphyrius Philosophus"", ""Malchus""]","[""Latin"", ""Ancient Greek""]"
Q2039,Livy (Titus Livius),99942145,722.0,354.0,Livius,521.0,Titus Livius,Tite-Live,Titus Livius,"[""Titus Livius Patavinus"", ""Livy""]","[""Titus Livius Patavinus"", ""Livy"", ""Titus Livius"", ""Liv""]","[""Titus Livius Patavinus""]","[""Latin""]"
Q203922,,,,,Mani,547.0,Mani,Mani,Manes,"[""Manes"", ""Suraik"", ""Kurbik""]","[""ma\u00eetre Mani"", ""le Vivant"", ""Manikhaios""]","[""Manichaeus""]",[]
Q2054,,,,,Seneca,1102.0,Seneca,Sénèque,Lucius Annaeus Seneca minor,"[""Lucius Annaeus Seneca"", ""L. Ann\u00e6us Seneca"", ""Annaeus Seneca"", ""Lucio Anneo Seneca"", ""Lucius Annaeus Seneca Iunior"", ""Seneca the Younger"", ""Lucius Annaeus Seneca minor"", ""the Younger Seneca"", ""Lucius Annaeus Seneca the Younger""]","[""Lucius Annaeus Seneca"", ""S\u00e9n\u00e8que le Jeune"", ""S\u00e9n\u00e8que le Philosophe""]","[""Lucius Annaeus Seneca"", ""Cordubensis"", ""L. Annaeus Seneca""]","[""Latin""]"
Q205947,Claudian (Claudius Claudianus),246763674,224.0,160.0,Claudianus,189.0,Claudian,Claudien,Claudius Claudianus,"[""Claudianus"", ""Claudius Claudianus of Alexandria"", ""Claudius Claudianus""]","[""Claudius Claudianus"", ""Claudius Claudianus d'Alexandrie""]","[""Claudianus"", ""Claudius Claudianus Alexandrinus""]","[""Latin"", ""Ancient Greek""]"
Q206119,"Terentius Varro, Marcus",100219311,99.0,71.0,Varro,953.0,Marcus Terentius Varro,Varron,Marcus Terentius Varro,"[""Marcus Terentius Varro Reatinus"", ""Varro"", ""Varro Reatinus""]","[""Marcus Terentius Varro""]","[""Marcus Terentius Varro Reatinus"", ""Varro Grammaticus"", ""Varro Reatinus""]","[""Latin""]"
Q206842,,,,,Maximos confessor,2999.0,Maximus the Confessor,Maxime le Confesseur,Maximus Confessor,"[""Saint Maximus"", ""Maximus of Constantinople"", ""Maximus the Theologian""]","[""Maxime de Chrysopolis"", ""Saint Maxime le Confesseur""]","[""Maximus Confessor Theologus"", ""Maximus Constantinopolitanus"", ""Maximus Homologetes""]","[""Medieval Greek""]"
Q207113,,,,,Hippolytos of Rome,391.0,Hippolytus,Hippolyte de Rome,Hippolytus,"[""St. Hippolytus"", ""Hippolytus of Rome""]","[""Hippolyte de Porto"", ""Antipape Hippolyte"", ""Saint Hippolyte de Rome""]","[""Sanctus Hippolytus"", ""Hippolytus Romanus""]",[]
Q209102,"Lactantius, Lucius Caecilius",100198064,267.0,174.0,Lactantius,508.0,Lactantius,Lactance,Lucius Caecilius Firmianus Lactantius,"[""Lucius Caelius Firmianus Lactantius"", ""Lucius Caecilius Firmianus Lactantius""]","[""Lucius Caecilius Firmianus Lactantius""]","[""Lactantius"", ""Lactantius Firmianus"", ""Lucius Caecilius Firmanius Lactantius""]","[""Latin""]"
Q2098,"Martial, Marcus Valerius",8099277,507.0,256.0,Martialis,559.0,Martial,Martial,Marcus Valerius Martialis,"[""Marcus Valerius Martialis""]","[""Marcus Valerius Martialis""]","[""Martialis Epigrammaticus"", ""Martialis""]","[""Latin""]"
Q210853,"Justin, Marcus Junianus",24616821,567.0,303.0,Iustinus,1060.0,Justin,Justin,Marcus Iunianus Iustinus,"[""Marcus Iunianus Iustinus Frontinus"", ""Marcus Iunianus Iustinus"", ""Marcus Junianus Justinus"", ""Marcus Junianus Justinus Frontinus""]","[""Junianus Justinus""]","[""Iunianus Iustinus"", ""Iustinus"", ""M. Iunianus Iustinus""]","[""Latin""]"
Q211411,,,,,Chrysippos,186.0,Chrysippus of Soli,Chrysippe de Soles,Chrysippus,"[""Chrysippus""]","[""Chrysippos de Cilicie"", ""Chrysippe de Soli"", ""Chrysippe de Cilicie"", ""Chrysippos de Soles""]","[""Chrysippus Philosophus"", ""Chrysippus Soleus"", ""Chrysippus Stoicus"", ""Chrysippus Solensis""]","[""Ancient Greek""]"
Q212872,,,,,Alkaios,40.0,Alcaeus of Mytilene,Alcée de Mytilène,Alcaeus,"[""Alc\u00e6us"", ""Alcaeus"", ""Alc\u00e6us of Mitylene"", ""Alkaios""]","[""Alc\u00e9e de Lesbos""]","[""Alcaeus Mytilenaeus"", ""Alcaeus Lyricus"", ""Alcaeus Lesbius"", ""Alc\u00e6us Mitylen\u00e6us""]","[""Ancient Greek""]"
Q2161,"Tacitus, Publius Cornelius",100226923,1049.0,418.0,Tacitus,899.0,Tacitus,Tacite,Cornelius Tacitus,"[""P. Cornelius Tacitus"", ""Publius Cornelius Tacitus"", ""Cornelius Tacitus"", ""C. Cornelius Tacitus"", ""Gaius Cornelius Tacitus"", ""Publius Cornelius Tacitus Caecina Paetus""]","[""Publius Cornelius Tacitus""]","[""Tacitus Historicus"", ""Tacitus"", ""Publius Cornelius Tacitus""]","[""Latin""]"
Q219484,,,,,Theokritos,925.0,Theocritus,Théocrite,Theocritus,"[""Theocrates""]","[""Theocrite""]","[""Theocritus Bucolicus"", ""Theocritus Syracusanus"", ""Theocritus Syracusius"", ""Theocritus Poeta""]","[""Ancient Greek""]"
Q221182,Isocrates,36926979,245.0,156.0,Isokrates,448.0,Isocrates,Isocrate,Isocrates,"[""Isokrates"", ""Isokrat\u0113s""]","[""Isocrates""]","[""Isocrates Atheniensis"", ""Isocrates Orator""]","[""Ancient Greek""]"
Q221951,,,,,Achilleus Tatios,7.0,Achilles Tatius,Achille Tatius,Achilles Tatius,"[""Achilleus Tatios""]","[""Achille Tatios"", ""Achilles Tatius""]","[""Achilles Tatius Scriptor eroticus""]","[""Ancient Greek""]"
Q226858,Zosimus,102333329,68.0,62.0,,,Zosimus,Zosime,Zosimus,[],[],"[""Zosimus Costantinopolitanus"", ""Zosimus Historicus""]","[""Koine Greek""]"
Q2274948,Philostratus (Flavius),250889454,98.0,80.0,Philostratos II,679.0,Philostratus,Philostrate d'Athènes,Philostratus Atheniensis,"[""Philostratus Atheniensis"", ""Lucius Flavius Philostratus"", ""Philostratus the Athenian""]","[""Philostrate l'Athenien"", ""Philostrate"", ""Philostrate l'Ath\u00e9nien""]","[""Flavius Philostratus"", ""Flavius Philostratus Atheniensis"", ""Flavius Philostratus Sophista""]","[""Ancient Greek""]"
Q234593,"Ausonius, Decimus Magnus",109786483,178.0,133.0,Ausonius,140.0,Ausonius,Ausone,Decimus Magnus Ausonius,"[""Decimus Magnus Ausonius""]",[],"[""Decimius Magnus Ausonius"", ""D. Magnus Ausonius Burdigalensis"", ""Ausonius""]","[""Latin""]"
Q236594,Sextus Empiricus,60320706,54.0,51.0,Sextus Empeirikos,847.0,Sextus Empiricus,Sextus Empiricus,Sextus Empiricus,[],[],"[""Sextus Empiricus Philosophus""]","[""Ancient Greek""]"
Q241132,Corinna,7407161332389852420005,7.0,7.0,,,Corinna,Corinne,Corinna,"[""Corinna of Tanagra""]","[""Corinna""]","[""Corinna Lyrica"", ""Corinna Tanagraea""]","[""Ancient Greek""]"
Q243187,,,,,Photios,687.0,Photios I of Constantinople,Photios Ier de Constantinople,Photius I,"[""Patriarch Photius I of Constantinople"", ""Photius"", ""Photios"", ""Patriarch Photios I of Constantinople"", ""Photios the Great"", ""Photius I of Constantinople""]","[""Photios de Constantinople"", ""Photius de Constantinople""]","[""Photius Theologus"", ""Photius Lexicographus"", ""Photius"", ""Photius Scriptor ecclesiasticus"", ""Photius Patriarcha Constantinopolitanus"", ""Photius Constantinopolitanus"", ""Photius Philologus"", ""Photius Patriarcha""]","[""Ancient Greek""]"
Q243203,"Statius, Publius Papinus",100904338,204.0,150.0,Statius,4842.0,Publius Papinius Statius,Stace,Publius Papinius Statius,"[""Statius""]","[""Stace"", ""Publius Papinius Statius""]","[""Statius"", ""Statius Poeta"", ""Papinius Statius""]","[""Latin""]"
Q247137,,,,,Donatus,261.0,Aelius Donatus,Aelius Donatus,Aelius Donatus,"[""Donatus""]","[""\u00c9lius Donat"", ""Aelius Donat""]","[""Donatus"", ""Donatus Grammaticus""]","[""Latin""]"
Q248840,Hierocles of Alexandria,84971648,118.0,98.0,,,Hierocles of Alexandria,Hiéroclès d'Alexandrie,Hierocles Alexandrinus,[],[],"[""Hierocles Philosophus"", ""Hierocles Platonicus""]","[""Ancient Greek""]"
Q24962922,Nonnus of Panopolis,61564416,54.0,40.0,,,Pseudo-Nonnus,Pseudo-Nonnos,Pseudo-Nonnus,[],[],"[""Nonnus Abbas""]","[""Ancient Greek""]"
Q2514828,Caelius Aurelianus,102322199,18.0,16.0,,,Caelius Aurelianus,Caelius Aurelianus,Caelius Aurelianus,[],"[""C\u00e9lius Aur\u00e9lien""]",[],"[""Latin""]"
Q2574348,"Mercator, Marius",60905671,8.0,8.0,,,Marius Mercator,Marius Mercator,Marius Mercator,[],[],"[""Marius Mercator Scriptor ecclesiasticus"", ""Marius Mercator Afer""]","[""Latin""]"
Q257448,Sulpicia,79413101,4.0,4.0,,,Sulpicia,Sulpicia,Sulpicia,"[""Sulpicia I""]",[],"[""Sulpicia Poeta""]","[""Latin""]"
Q26204,,,,,Dionysios of Halikarnassos,247.0,Dionysius of Halicarnassus,Denys d'Halicarnasse,Dionysius Halicarnasseus,"[""Dionysios of Halikarnassos""]","[""Denys d'Halycarnasse""]","[""Dionysius Halicarnassensis"", ""Dionysius Halicarnassensis Historicus"", ""Dionysius Halicarnassensis Rhetor""]","[""Ancient Greek""]"
Q263892,,,,,Libanios,520.0,Libanius,Libanios,Libanius,"[""Libanius Sophista"", ""Libanius of Antioch"", ""Libanius the Sophist"", ""Libanios""]",[],"[""Libanius Sophista"", ""Libanius Rhetor"", ""Libanius Antiochenus""]","[""Ancient Greek""]"
Q26825,,,,,Herodotos,376.0,Herodotus,Hérodote,Herodotus,"[""Herodotos"", ""Herodotus of Halicarnassus"", ""Father of History""]","[""H\u00e9rodote d'Halicarnasse"", ""Herodote"", ""H\u00e9rodote de Thourioi""]","[""Herodotus Halicarnassensis""]","[""Ancient Greek""]"
Q2696542,Apollonius the Sophist,266713061,8.0,8.0,,,Apollonius the Sophist,Apollonios le Sophiste,Apollonius Sophista,[],[],[],"[""Ancient Greek""]"
Q271809,Proclus,102369543,66.0,44.0,Proklos,720.0,Proclus,Proclus,Proclus,"[""Proclus Lycaeus""]","[""Proklos"", ""Proclos"", ""Proclus Diadochus""]","[""Proclus Lycius"", ""Proclus Atheniensis"", ""Proclus Philosophus"", ""Proclus Diadochus""]","[""Ancient Greek""]"
Q272087,,,,,Tatianos,900.0,Tatian,Tatien le Syrien,Tatianus,"[""Tatianus"", ""Tatian the Syrian""]","[""Tatien""]","[""Tatianus Syrus"", ""Tatianus Assyrius""]","[""Syriac""]"
Q273003,,,,,Simonides of Keos,857.0,Simonides of Ceos,Simonide de Céos,Simonides,"[""Simonides of Keos"", ""Simonides""]","[""Simonide de Ceos"", ""Simonide""]","[""Simonides Ceus"", ""Simonides Lyricus""]","[""Ancient Greek""]"
Q273671,"Seneca, Marcus / Lucius Annaeus (rhetor)",23497389,43.0,37.0,Seneca rhetor,835.0,Seneca the Elder,Sénèque l'Ancien,Annaeus Seneca maior,"[""Ann\u00e6us Seneca"", ""Annaeus Seneca maior""]","[""Lucius Annaeus Seneca"", ""Seneque l'Ancien"", ""S\u00e9n\u00e8que le Rh\u00e9teur""]","[""Lucius Annaeus Seneca"", ""Seneca Maior"", ""Seneca Rhetor""]","[""Latin""]"
Q275606,Aurelius Victor,64001057,120.0,100.0,,,Aurelius Victor,Aurelius Victor,Sextus Aurelius Victor,"[""Victor Sextus Aurelius"", ""Sextus Aurelius Victor""]","[""Aur\u00e9lius Victor"", ""Sextus Aurelius Victor""]","[""Aurelius Victor""]","[""Latin""]"
Q278711,Praxilla of Sicyon,44692841,6.0,6.0,,,Praxilla,Praxilla,Praxilla,[],"[""Praxilla de Sicyone""]","[""Praxilla Sicyonia"", ""Praxilla Lyrica"", ""Praxilla Poeta""]","[""Ancient Greek""]"
Q294800,Aulus Gellius,100198334,285.0,196.0,Aulus Gellius,139.0,Aulus Gellius,Aulu-Gelle,Aulus Gellius,"[""Gellius"", ""Aulus Gellus"", ""Agellius""]","[""Aulus-Gellius"", ""Aulu Gelle"", ""Aulus Gellius""]","[""Gellius""]","[""Latin""]"
Q294923,Athenaeus of Naucratis,307168041,106.0,91.0,Athenaios,135.0,Athenaeus,Athénée,Athenaeus Naucratites,"[""Athenaeus of Naucratis"", ""Athen\u00e6us""]","[""Athenee"", ""Ath\u00e9n\u00e9e de Naucratis"", ""Athenaeus"", ""Ath\u00e9naios""]","[""Athenaeus Sophista"", ""Athenaeus Naucratita"", ""Athenaeus""]","[""Ancient Greek""]"
Q297377,"Frontinus, Sextus Julius",12349897,94.0,73.0,,,Frontinus,Frontin,Sextus Iulius Frontinus,"[""Sextus Julius Frontinus"", ""Sextus Iulius Frontinus""]","[""Sextus Julius Frontinus"", ""Sextus Julius Frontin""]","[""Frontinus""]","[""Latin""]"
Q297776,Pedanius Dioscorides,78822798,80.0,62.0,,,Pedanius Dioscorides,Dioscoride,Dioscorides,"[""Dioscorides""]","[""\u0394\u03b9\u03bf\u03c3\u03ba\u03bf\u03c5\u03c1\u03af\u03b4\u03b7\u03c2 \u03bf \u03a0\u03b5\u03b4\u03ac\u03bd\u03b9\u03bf\u03c2"", ""Pedanius Dioscorides"", ""\u0394\u03b9\u03bf\u03c3\u03ba\u03bf\u03c1\u03af\u03b4\u03b7\u03c2 Dioskorid\u00eas"", ""Dioscorides""]","[""Dioscorides Pedanius"", ""Pedanius Dioscorides"", ""Dioscurides"", ""Dioscorides Medicus""]","[""Ancient Greek""]"
Q298654,Cyril of Jerusalem (saint),2437490,36.0,31.0,,,Cyril of Jerusalem,Cyrille de Jérusalem,Cyrillus Hierosolymitanus,[],"[""Cyrille de Jerusalem""]","[""Cyrillus Hierosolymitanus"", ""Sanctus""]","[""Ancient Greek""]"
Q298729,Lucilius,89131128,19.0,16.0,Gaius Lucilius,4980.0,Gaius Lucilius,Lucilius,Gaius Lucilius,"[""Caius Lucilius"", ""Lucilius""]","[""Caius Lucilius"", ""Gaius Lucilius""]","[""Lucilius"", ""Lucilius Satyricus""]","[""Latin""]"
Q298850,,,,,Alkman,42.0,Alcman,Alcman,Alcman,[],[],"[""Alcman Lyricus"", ""Alcman Lacedaemonius""]","[""Ancient Greek""]"
Q302723,"Festus, Sextus Pompeius",89123645,54.0,49.0,,,Sextus Pompeius Festus,Festus Grammaticus,Sextus Pompeius Festus,[],"[""Sextus Pompeius Festus""]",[],"[""Latin""]"
Q302936,Sidonius Apollinaris,89203537,32.0,31.0,Sidonius Apollinaris,5649.0,Sidonius Apollinaris,Sidoine Apollinaire,Sidonius Apollinaris,"[""Gaius Sollius Apollinaris Sidoniu"", ""Saint Sidonius Apollinaris"", ""Gaius Sollius Modestus Apollinaris Sidonius"", ""Apollinaris Sidonius""]","[""Caius Sollius Apollinaris Sidonius"", ""Gaius Sollius Apollinaris Sidonius""]","[""Sidonius Poeta""]","[""Latin""]"
Q304832,Caesarius Arelatensis,102305735,0.0,0.0,,,Caesarius of Arles,Césaire d'Arles,Caesarius Arelatensis,"[""Saint Caesarius of Arles""]",[],[],"[""Latin""]"
Q309772,Athenagoras of Athens,106097488,45.0,35.0,,,Athenagoras of Athens,Athénagoras d'Athènes,Athenagoras Atheniensis,"[""Saint Athenagoras of Athens"", ""Saint Athenagoras the Apologist"", ""Athenagoras""]","[""Ath\u00e9nagore d'Ath\u00e8nes"", ""Athenagoras d'Ath\u00e9nes"", ""Athenagoras d'Athenes""]","[""Athenagoras Apologeta""]","[""Ancient Greek""]"
Q310076,"Ulpianus, Domitius",100210035,6.0,6.0,,,Ulpian,Ulpien,Domitius Ulpianus,"[""Domitius Ulpianus""]","[""Ulpian""]","[""Gnaeus Domitius Ulpianus"", ""Ulpianus""]","[""Latin""]"
Q310164,Lysias,183417170,44.0,35.0,Lysias,534.0,Lysias,Lysias,Lysias,[],[],"[""Lysias Atheniensis"", ""Lysias Orator""]","[""Ancient Greek""]"
Q310681,,,,,Bakchylides,146.0,Bacchylides,Bacchylide,Bacchylides,[],"[""Bacchylide de C\u00e9os""]","[""Bacchylides Lyricus"", ""Bacchylides Ceus""]","[""Ancient Greek""]"
Q310916,,,,,Iamblichos of Chalkis,2596.0,Iamblichus,Jamblique,Iamblichus,"[""Iamblichus of Chalcis""]","[""Iamblichus"", ""Jamblique de Chalcis"", ""Jamblique de Tyr""]","[""Abammon Syrus"", ""Iamblichus Philosophus"", ""Iamblichus Chalcidensis""]","[""Ancient Greek""]"
Q311456,"Orosius, Paulus",2479624,45.0,41.0,Orosius,613.0,Orosius,Paul Orose,Orosius,"[""Paul Orosius"", ""Paulus Orosius""]","[""Orose""]","[""Paulus Orosius"", ""Orosius Historicus""]","[""Latin""]"
Q312420,"Celsus, Aulus Cornelius",100172872,163.0,94.0,Aulus Cornelius Celsus,1938.0,Aulus Cornelius Celsus,Celse,Aulus Cornelius Celsus,"[""Celsus""]","[""Cornelius Celsus"", ""Aulus Cornelius Celsus""]","[""Celsus Medicus"", ""Cornelius Celsus""]","[""Latin""]"
Q312816,,,,,Pseudo-Dionysios Areopagites,744.0,Pseudo-Dionysius the Areopagite,Pseudo-Denys l'Aréopagite,Pseudo-Dionysius Areopagita,"[""Pseudo-Denys"", ""Dionysius the Pseudo-Areopagite""]","[""Pseudo-Denys"", ""Corpus Areopagiticum"", ""Pseudo-Denys l'Areopagite"", ""Saint Denys l\u2019Ar\u00e9opagite""]",[],[]
Q312916,,,,,Nonnos of Panopolis,604.0,Nonnus of Panopolis,Nonnos de Panopolis,Nonnus,"[""Nonnus""]",[],"[""Nonnus Panopolitanus"", ""Nonnus Epicus""]","[""Ancient Greek""]"
Q313011,,,,,Heliodoros of Emesa,1274.0,Heliodorus of Emesa,Héliodore d’Émèse,Heliodorus Emesenus,"[""Heliodorus""]","[""Heliodore d'Emese"", ""H\u00e9liodore""]","[""Heliodorus Scriptor eroticus"", ""Heliodorus""]","[""Ancient Greek""]"
Q313056,Herodian of Antioch,87614586,209.0,154.0,,,Herodian,Hérodien,Herodianus,"[""Herodianus""]","[""Herodien""]","[""Herodianus Historicus"", ""Herodianus Syrus""]","[""Ancient Greek""]"
Q313286,Demetrius Phalereus,22955539,16.0,15.0,,,Demetrius of Phalerum,Démétrios de Phalère,Demetrius Phalereus,"[""Demetrius of Phaleron"", ""Demetrius Phalereus""]","[""D\u00e9m\u00e9trius de Phal\u00e8re"", ""Demetrios de Phalere""]","[""Demetrius Philosophus"", ""Demetrius Historicus""]","[""Ancient Greek""]"
Q313439,,,,,Gaius,325.0,Gaius,Gaius,Gaius,"[""Caius""]","[""Ca\u00efus"", ""Ga\u00efus""]","[""Gaius Iurisconsultus"", ""iur.,"", ""Gaius""]","[""Latin""]"
Q313782,"Aelian, Claudius",306342544,241.0,159.0,Ailianos,22.0,Aelian,Claude Élien,Claudius Aelianus,"[""Ailianos"", ""Claudius \u00c6lianus"", ""Claudius Aelianus"", ""\u00c6lian""]","[""\u00c6lianus"", ""Claudius Aelianus"", ""\u00c9lien le Sophiste"", ""\u00c6lien""]","[""Aelianus""]","[""Ancient Greek""]"
Q313922,Epiphanius (Saint),13651211,23.0,22.0,Epiphanios,277.0,Epiphanius of Salamis,Épiphane de Salamine,Epiphanius,"[""Epiphanius of Constantia"", ""Epiphanius"", ""St. Epiphanius""]","[""Epiphane de Salamine"", ""Saint \u00c9piphane de Salamine""]","[""Epiphanius Cyprius"", ""Epiphanius Salamiensis"", ""Epiphanius Salaminis episcopus"", ""Epiphanius Constantiensis"", ""Epiphanius Constantiae""]","[""Ancient Greek""]"
Q313934,,,,,Macrobius,540.0,Macrobius,Macrobe,Ambrosius Theodosius Macrobius,"[""Ambrosius Theodosius Macrobius"", ""Ambroise Th\u00e9odose Macrobe"", ""Macrobius Ambrosius Theodosius""]","[""Ambrosius Macrobius Theodosius""]","[""Macrobius Theodosius"", ""Macrobius Grammaticus"", ""Macrobius""]","[""Latin""]"
Q314694,Eutropius,25396473,156.0,123.0,,,Eutropius,Eutrope,Eutropius,"[""Flavius Eutropius""]","[""Flavius Eutropius""]","[""Eutropius Historicus"", ""Flavius Eutropius""]","[""Latin""]"
Q314949,,,,,Longos,2857.0,Longus,Longus,Longus,[],[],"[""Longus Sophista"", ""Longus Scriptor eroticus""]","[""Ancient Greek""]"
Q316090,"Valerius Flaccus, Gaius",100899421,99.0,78.0,Gaius Valerius Flaccus,4834.0,Gaius Valerius Flaccus,Caius Valerius Flaccus,Gaius Valerius Flaccus,"[""Valerius Flaccus"", ""Gaius Valerius Flaccus Setinus Balbus""]","[""Val\u00e9rius Flaccus""]","[""Valerius Flaccus Poeta"", ""Valerius Flaccus"", ""Valerius Flaccus Setinus Balbus"", ""Gaius Valerius Flaccus Setinus Balbus""]","[""Latin""]"
Q316098,Velleius Paterculus,100171160,324.0,219.0,Velleius Paterculus,955.0,Marcus Velleius Paterculus,Velleius Paterculus,Velleius Paterculus,"[""Velleius Paterculus""]","[""Caius Velleius Paterculus"", ""Marcus Velleius Paterculus""]","[""Velleius Paterculus Historicus""]","[""Latin""]"
Q316123,,,,,Silius Italicus,852.0,Silius Italicus,Silius Italicus,Tiberius Catius Asconius Silius Italicus,"[""Tiberius Catius Asconius Silius Italicus""]","[""Tiberius Catius Asconius Silius Italicus""]","[""Silius Italicus""]","[""Latin""]"
Q316483,"Florus, Lucius Annaeus",89604346,489.0,266.0,Florus,319.0,Lucius Annaeus Florus,Florus,Lucius Annaeus Florus,"[""Julius Florus"", ""Florus"", ""Iulius Florus""]",[],"[""Florus"", ""Florus Historicus""]","[""Latin""]"
Q317029,Theodoretus of Cyrrha,77111352,99.0,71.0,Theodoretos,912.0,Theodoret,Théodoret de Cyr,Theodoretus,"[""Theodoret of Cyrrhus""]","[""Theodoret"", ""Th\u00e9odoret"", ""Theodoret de Cyr""]","[""Theodoretus Cyrrhensis"", ""Theodoretus Scriptor ecclesiasticus"", ""Theodoretus Theologus""]","[""Ancient Greek""]"
Q317055,,,,,Fronto,323.0,Marcus Cornelius Fronto,Fronton,Marcus Cornelius Fronto,"[""Fronto""]","[""Marcus Cornelius Fronto""]","[""Fronto Rhetor"", ""Fronto"", ""Marcus Cornelius Fronto Rhetor""]","[""Latin""]"
Q317089,Aeschines,161234357,188.0,116.0,Aischines orator,23.0,Aeschines,Eschine,Aeschines,"[""\u00c6schines""]",[],"[""Aeschines Atheniensis"", ""\u00c6schines"", ""Aeschines Orator""]","[""Ancient Greek""]"
Q317146,,,,,Alexandros of Aphrodisias,1461.0,Alexandros of Aphrodisias,Alexandre d’Aphrodise,Alexander Aphrodisiensis,"[""Alexander of Aphrodisias""]","[""Alexandre d'Aphrodisias"", ""Alexandre d'Aphrodisie""]",[],"[""Ancient Greek""]"
Q317632,,,,,Ioannes Philoponos,426.0,John Philoponus,Jean Philopon,Iohannes Philoponus,"[""Johannes Philoponus"", ""Philoponus""]","[""Johannes Philoponus"", ""Jean Philopone"", ""Jean Philoppon"", ""Philopon""]","[""Johannes Philoponus"", ""Iohannes Grammaticus"", ""Johannes Grammaticus"", ""Philoponus""]","[""Ancient Greek""]"
Q318317,,,,,Columella,199.0,Columella,Columelle,Lucius Iunius Moderatus Columella,"[""Lucius Kolumella"", ""Lucius Iunius Moderatus Columella"", ""Lucius Columella"", ""Lucius Junius Moderatus Columella"", ""L. Iunius Moderatus Columella""]","[""Lucius Columella""]","[""Columella""]","[""Latin""]"
Q31845,Arrian of Nicomedia,100192636,202.0,139.0,Arrianos,123.0,Arrian,Arrien,Lucius Flavius Arrianus,"[""Arrian of Nicomedia"", ""Lucius Flavius Arrianus"", ""Flavius Arrian""]","[""Arrien de Nicom\u00e9die""]","[""Arrianus Nicomediensis"", ""Arrianus Bithynius"", ""Flavius Arrianus"", ""Arrianus Historicus"", ""Arrianus""]","[""Ancient Greek""]"
Q328742,"Chrysologus, Petrus (saint)",88069141,21.0,19.0,,,Peter Chrysologus,Pierre Chrysologue,Petrus Chrysologus,"[""Peter the Golden-Worded"", ""St. Peter Chrysologus"", ""Petrus Chrysologus""]","[""Saint Pierre Chrysologue""]","[""Petrus Chrysologus Scriptor ecclesiasticus"", ""Petrus Ravennensis""]",[]
Q332785,Persius (Aulus Persius Flaccus),100198157,579.0,263.0,Persius,646.0,Persius,Perse,Aulus Persius Flaccus,"[""Aulus Persius Flaccus""]","[""Aulus Persius Flaccus""]","[""Aulus Flaccus Persius"", ""Persius Poeta"", ""Persius""]","[""Latin""]"
Q332797,,,,,Stesichoros,884.0,Stesichorus,Stésichore,Stesichorus,[],"[""St\u00e8sichore de Metauros"", ""St\u00e9sichore d'Him\u00e8re"", ""Stesichore""]","[""Stesichorus Lyricus"", ""Stesichorus Himeraeus"", ""Stesichorus Poeta""]","[""Ancient Greek""]"
Q334457,Dio Chrysostom,100906841,35.0,33.0,Dion Chrysostomos,242.0,Dio Chrysostom,Dion de Pruse,Dio Chrysostomus,"[""Dio of Prusa"", ""Dio Cocceianus""]","[""Dion Chrysostome"", ""Dion Chrysost\u00f4me""]","[""Dio Prusaensis"", ""Dio Prusaeus"", ""Dio Chrysostomus Sophista""]","[""Ancient Greek""]"
Q336115,,,,,Theognis,923.0,Theognis of Megara,Théognis de Mégare,Theognis,"[""Theognis""]","[""Theognis de Megare"", ""Th\u00e9ognis""]","[""Theognis Elegiacus"", ""Theognis Megarensis"", ""Theognis Megareus""]","[""Ancient Greek""]"
Q336198,Socrates Scholasticus,107158790626238851415,64.0,61.0,,,Socrates of Constantinople,Socrate le Scolastique,Socrates Scholasticus,"[""Socrates Scholasticus""]","[""Socrate Scolasticus"", ""Socrates Scholasticus"", ""Socrate de Constantinople""]","[""Socrates Constantinopolitanus"", ""Socrates Scholasticus Historicus"", ""Socrates Historicus""]","[""Ancient Greek""]"
Q336704,Sulpicius Severus,30332452,184.0,141.0,,,Sulpicius Severus,Sulpice Sévère,Sulpicius Severus,[],"[""Saint Sulpice-S\u00e9v\u00e8re"", ""Sulpice-S\u00e9v\u00e8re"", ""Sulpice-Severe""]","[""Sulpitius Severus""]","[""Latin""]"
Q337537,Gregory Thaumaturgus (saint),88726043,9.0,9.0,,,Gregory Thaumaturgus,Grégoire le Thaumaturge,Gregorius Neocaesariensis,"[""Saint Gregory of Neocaesarea"", ""St. Gregory Thaumaturgus""]",[],"[""Gregorius Thaumaturgus Neocaesariensis"", ""Gregorius Thaumaturgus""]","[""Ancient Greek""]"
Q33941,Julian (emperor),57406701,125.0,105.0,Iulianus imperator,451.0,Julian,Julien,Flavius Claudius Iulianus,"[""Julianus II"", ""Flavius Claudius Iulianus"", ""Julian the Apostate"", ""Julian III"", ""Julian II"", ""Julianus III"", ""Flavius Claudius Julianus""]","[""Julien l'apostat"", ""Julien le philosophe"", ""Julien II dit l'Apostat"", ""Julien II"", ""Julien l\u2019Apostat"", ""Flavius Claudius Julianus""]","[""Iulianus Apostata"", ""Julianus Apostata"", ""Flavius Claudius Julianus"", ""Iulianus II"", ""Iulianus"", ""Iulianus Pius"", ""Iulianus Imperator""]","[""Ancient Greek""]"
Q343018,Eunapius,100215825,18.0,16.0,,,Eunapius,Eunape,Eunapius,[],"[""Eunapius"", ""Eunape de Sardes""]","[""Eunapius Historicus"", ""Eunapius Philosophus"", ""Eunapius Sardianus""]","[""Ancient Greek""]"
Q347250,"Prudentius, Aurelius",100010336,118.0,103.0,Prudentius,725.0,Prudentius,Prudence,Aurelius Prudentius Clemens,"[""Marcus Aurelius Prudentius Clemens"", ""Aurelius Prudentius Clemens""]","[""Aurelius Prudentius Clemens""]","[""Prudentius Clemens"", ""Prudentius Poeta"", ""Aurelius Prudentius""]","[""Latin""]"
Q348408,,,,,Martianus Capella,560.0,Martianus Capella,Martianus Capella,Martianus Capella,"[""Martianus Minneus Felix Capella"", ""M. Capella"", ""Martian Capella"", ""Martian"", ""Martian. Capella"", ""Martianus"", ""Capella""]","[""Marcien Capella"", ""Martianus""]","[""Martianus Minneus Felix Capella"", ""Felix Capella"", ""Martianus"", ""Martianus Cap."", ""Martianus Capella Carthaginiensis""]","[""Latin""]"
Q34943,"Ptolemy, Claudius",54152998,176.0,127.0,Claudius Ptolemaios,192.0,Ptolemy,Claude Ptolémée,Claudius Ptolemaeus,"[""Claudius Ptolemeus"", ""Claudius Ptolemy"", ""Claudius Ptolemaeus"", ""Klaudios Ptolemaios""]","[""Claudius Ptolemaeus"", ""Claudius Ptolemeus""]","[""Ptolemaeus Alexandrinus"", ""Ptolem\u00e6us"", ""Ptolemaeus Astrologus"", ""Ptolemaeus Mathematicus"", ""Ptolemaeus"", ""Claudius Ptolem\u00e6us""]","[""Ancient Greek""]"
Q351518,Simplicius of Cilicia,71399875,45.0,34.0,Simplicius,859.0,Simplicius of Cilicia,Simplicius,Simplicius,"[""Simplicius van Cilici\u00eb"", ""Simplicius""]","[""Simplicius van Cilici\u00eb"", ""Simplicios de Cilicie"", ""Simplicius de Cilicie"", ""Simplicios""]","[""Simplicius Neoplatonicus"", ""Simplicius Atheniensis"", ""Simplicius Cilicius"", ""Simplicius Philosophus"", ""Simplicius van Cilici\u00eb""]","[""Ancient Greek""]"
Q354350,"Sozomenus, Hermias",305409681,50.0,48.0,,,Sozomen,Sozomène,Sozomenus,"[""Hermias Sozomenus""]","[""Sozomen"", ""Sozomene""]","[""Sozomenus Scriptor ecclesiasticus"", ""Hermias Sozomenus"", ""Salaminius Hermias Sozomenus""]","[""Ancient Greek""]"
Q354431,,,,,Aelius Aristeides,13.0,Aelius Aristides,Aelius Aristide,Publius Aelius Aristides,"[""Publius Aelius Aristides Theodorus"", ""Publius Aelius Aristides""]","[""\u00c6lius Aristide""]","[""Aelius Aristides"", ""Aristides Rhetor""]","[""Ancient Greek""]"
Q355350,,,,,Servius,839.0,Servius,Servius,Maurus Servius Honoratus,"[""Servius Honoratus"", ""Marius Servius Honoratus"", ""Marius Servius"", ""Sergius"", ""Maurus Servius Honoratus"", ""Seregius""]","[""Maurus Servius Honoratus""]","[""Servius"", ""Servius Grammaticus""]","[""Latin""]"
Q355720,"Symmachus, Quintus Aurelius",98247027,42.0,39.0,,,Quintus Aurelius Symmachus,Quintus Aurelius Symmaque,Quintus Aurelius Symmachus,"[""Symmachus"", ""S\u00edmaco""]","[""Symmaque""]","[""Symmachus Orator""]","[""Latin""]"
Q356433,,,,,Priscianus,715.0,Priscian,Priscien de Césarée,Priscianus Caesariensis,"[""Priscianus"", ""Priscian of Caesarea""]","[""Priscien""]","[""Priscianus"", ""Priscianus Caesarensis"", ""Priscianus Grammaticus""]","[""Latin""]"
Q357027,Synesius,102323982,37.0,32.0,Synesios of Kyrene,3702.0,Synesius of Cyrene,Synésios de Cyrène,Synesius Cyrenaeus,"[""Synesius of Ptolemais"", ""Bishop of Ptolemais"", ""Synesius""]","[""Syn\u00e9sius de Cyr\u00e8ne"", ""Syn\u00e9sios"", ""Syn\u00e9sius"", ""Synesius"", ""Synesios de Cyrene""]","[""Synesius Cyrenensis"", ""Synesius""]","[""Ancient Greek""]"
Q363375,Publilius Syrus,22130553,7.0,5.0,,,Publilius Syrus,Publilius Syrus,Publilius Syrus,[],[],"[""Publilius Syrus Mimographus""]","[""Latin""]"
Q365183,Themistius,100219934,44.0,37.0,Themistios,910.0,Themistius,Thémistios,Themistius,[],"[""Th\u00e9mistius"", ""Themistius""]","[""Themistius Euphrades"", ""Themistius Rhetor"", ""Themistius Constantinopolitanus"", ""Themistius Philosophus""]","[""Ancient Greek""]"
Q365835,,,,,Rufinus of Aquileia,819.0,Tyrannius Rufinus,Rufin d'Aquilée,Tyrannius Rufinus,"[""Rufinus Aquileiensis"", ""Rufinus of Concordia"", ""Rufinus of Aquileia""]","[""Tyrannius Rufinus"", ""Rufin d'Aquilee""]","[""Rufinus Aquileiensis"", ""Rufinus Scriptor ecclesiasticus""]","[""Latin""]"
Q367422,"Firmicus Maternus, Julius",5015147967361884200009,27.0,22.0,,,Julius Firmicus Maternus,Julius Firmicus Maternus,Iulius Firmicus Maternus,"[""Firmicius Maternus"", ""Firmicus Maternus""]","[""Firmicus Maternus""]","[""Firmicius Maternus"", ""Firmicus Maternus""]","[""Latin""]"
Q367946,Apollinaris of Laodicea,261762494,19.0,18.0,,,Apollinaris of Laodicea,Apollinaire de Laodicée,Apollinaris Laodicensis,"[""Apollinaris"", ""Apollinarius of Laodicea""]","[""Apollinaire de Laodicee""]","[""Apollinarius Laodicensis""]","[""Ancient Greek""]"
Q373042,Onosander,285771738,6.0,6.0,,,Onasander,Onosandre,Onasander,[],"[""Onosander""]","[""Onesander Tacticus""]","[""Ancient Greek""]"
Q37740777,Aemilius Probus,59141391,15.0,15.0,,,Aemilius Probus,Aemilius Probus,Aemilius Probus,[],[],[],"[""Latin""]"
Q379991,,,,,Valerius Maximus,951.0,Valerius Maximus,Valère Maxime,Valerius Maximus,"[""Quintus V. Maximus"", ""Caius Valerius Maximus""]","[""Valere Maxime"", ""Valerius Maximus"", ""Val\u00e8re-Maxime""]","[""Valerius Maximus Historicus""]","[""Latin""]"
Q380089,Fulgentius of Ruspe (saint),102324857,37.0,31.0,,,Fulgentius of Ruspe,Fulgence de Ruspe,Fulgentius Ruspensis,[],"[""Claudius Gordianus Fulgentius""]","[""Fabius Claudius Gordianus Fulgentius"", ""sanctus Fulgentius Ruspensis""]","[""Latin""]"
Q380793,Aelianus Tacticus,72639048,26.0,24.0,,,Aelianus Tacticus,Élien le Tacticien,Aelianus Tacticus,[],"[""\u00c9lien l'A\u00een\u00e9"", ""\u00c9lien""]",[],"[""Ancient Greek""]"
Q380826,Aelius Herodianus (grammarian),88626271,6.0,6.0,,,Aelius Herodianus,Aelius Herodianus,Aelius Herodianus,"[""Herodian""]","[""H\u00e9rodien d'Alexandrie"", ""H\u00e9rodien""]","[""Herodianus Grammaticus"", ""Aelius Herodianus Technicus"", ""Herodianus Alexandrinus""]","[""Ancient Greek""]"
Q380943,Philostorgius,88747658,18.0,17.0,,,Philostorgius,Philostorge,Philostorgius,"[""Philostrogius""]","[""Philostorgios""]","[""Philostorgius Cappadox"", ""Philostrogius"", ""Philostorgius Scriptor ecclesiasticus""]","[""Ancient Greek""]"
Q40939,,,,,Aischylos,25.0,Aeschylus,Eschyle,Aeschylus,"[""Aeschylos"", ""\u00c6schylus""]","[""\u00c9chille"", ""\u00c9schyle"", ""Aiskh\u00falos""]","[""Aeschylus Tragicus"", ""Aeschylus Atheniensis"", ""Aeschylus tragicus""]","[""Ancient Greek""]"
Q41155,,,,,Herakleitos of Ephesos,1047.0,Heraclitus,Héraclite,Heraclitus,"[""Heraclitus of Ephesus"", ""Weeping Philosopher""]","[""Heraklit"", ""H\u00e9raclite d'Eph\u00e8se"", ""Heraclite"", ""H\u00e9raclite d'\u00c9ph\u00e8se""]","[""Heraclitus Ephesius"", ""Heraclitus Philosophus""]","[""Ancient Greek""]"
Q41523,Plutarch,268955446,841.0,381.0,Ploutarchos,698.0,Plutarch,Plutarque,Plutarchus,"[""Ploutarchos"", ""Plutarch of Chaeronea"", ""Plutarchos"", ""Lucius Mestrius Plutarchus"", ""Plutarchus""]","[""Plutarque de Ch\u00e9ron\u00e9e""]","[""Plutarchus Philosophus"", ""Plutarchus Chaeronensis"", ""Plutarchus Biographus"", ""L. Mestrius Plutarchus""]","[""Ancient Greek""]"
Q41683,,,,,Thoukydides,937.0,Thucydides,Thucydide,Thucydides,[],"[""Thucidide"", ""Thucydide d'Ath\u00e8nes""]","[""Thucydides Historicus"", ""Thucydides Atheniensis""]","[""Ancient Greek""]"
Q41866,Justinian I (emperor),88881722,718.0,255.0,,,Justinian I,Justinien,Iustinianus I,"[""Flavius Petrus Sabbatius Justinianus Magnus"", ""Imperator Caesar Flavius Iustinianus Alamannicus Gothicus Francicus Germanicus Anticus Alanicus Vandalicus Africanus pius felix inclitus victor ac triumphator semper Augustus"", ""Ioustinianos I"", ""Imperator Caesar Flavius Petrus Sabbatius Iustinianus Augustus"", ""Petrus Sabbatius"", ""Fl\u0101vius Petrus Sabbatius J\u016bst\u012bni\u0101nus"", ""Petrus Sabbatius Iustinianus"", ""Justinian the Great"", ""Iustinianus I"", ""Flavius Petrus Sabbatius Justinianus""]","[""Justinien Ier"", ""Justinien le Magne""]","[""Iustinianus I."", ""Iustinianus"", ""Iustinianus Imperator"", ""Justinianus I""]","[""Latin""]"
Q41980,Democritus,49224361,1.0,1.0,Demokritos,225.0,Democritus,Démocrite,Democritus,"[""Democritus of Abdera"", ""Laughing Philosopher"", ""Demokritos""]","[""D\u00e9mocrite d'Abd\u00e8re"", ""Democritus""]","[""Democritus Philosophus"", ""Democritus Abderita""]","[""Ancient Greek""]"
Q42827,,,,,Gregorius Magnus,345.0,Gregory I,Grégoire Ier,Gregorius Magnus,"[""Pope Gregory I"", ""Pope Gregory the Great"", ""St Gregory I"", ""Pope Saint Gregory I"", ""St. Gregory the Dialogist"", ""Pope St. Gregory I"", ""Saint Gregory"", ""St Gregory the Great"", ""Gregorius Anicius"", ""Gregory"", ""Saint Gregory the Dialogist"", ""Pope Saint Gregory I the Great"", ""Saint Gregorius Magnus"", ""Gregorius Magnus"", ""St. Gregory the Great"", ""Saint Gregory I"", ""Saint Gregory the Great"", ""Gregory the Great"", ""Gregory The Great"", ""St Gregory""]","[""Gregoire le Grand"", ""Gr\u00e9goire 1er"", ""Gr\u00e9goire Ier le Grand"", ""Gr\u00e9goire le Grand"", ""Gregoire Ier"", ""saint Gr\u00e9goire le grand""]","[""Sanctus Gregorius PP. I Magnus"", ""Sanctus Gregorius"", ""Gregorius I"", ""Sanctus Gregorius Magnus""]","[""Latin""]"
Q42887,,,,,Clemens of Rome,197.0,Clement I,Clément de Rome,Clemens I,"[""Saint Clemens"", ""Clement the Bishop"", ""St. Clement"", ""St. Clemens"", ""Saint Clement"", ""Clemens"", ""Clemens Romanus"", ""Pope Saint Clement I"", ""San Clemente"", ""Pope Klyment I"", ""Clemens the Bishop"", ""Clement"", ""Clemens I"", ""Pope Klemens I"", ""Saint Clement I"", ""Clement of Rome"", ""Flavius Clemens"", ""Pope Kelemen I"", ""Pope Clement I""]","[""Clement Ier"", ""Cl\u00e9ment Romain"", ""Cl\u00e9ment 1er"", ""Saint Clement"", ""Cl\u00e9ment Ier""]","[""Sanctus Clemens"", ""Sanctus Clemens PP. I"", ""Papa Clemens I"", ""Clemens Romanus"", ""Sanctus Clemens I""]","[""Ancient Greek""]"
Q4298,"Vegetius, Publicus Flavius",100197902,96.0,89.0,,,Vegetius,Végèce,Flavius Vegetius Renatus,"[""Vegetius Renatus"", ""Flavius Vegetius Renatus"", ""Flavius Vegetius"", ""Publius Vegetius Renatus"", ""Publius Flavius Vegetius Renatus""]","[""Vegece"", ""Vegetius""]","[""Publius Flavius Vegetius Renatus"", ""Vegetius""]","[""Latin""]"
Q43216,Epicurus,1763151778254618130009,31.0,30.0,Epikouros,275.0,Epicurus,Épicure,Epicurus,"[""Ep\u00edkouros"", ""Epikouros""]","[""Epicurus"", ""Epicure""]","[""Epicurus Philosophus"", ""Epicurus Samius""]","[""Ancient Greek""]"
Q432737,Lycophron of Chalcis,68976194,84.0,67.0,Lykophron,531.0,Lycophron,Lycophron,Lycophron,"[""Lycophron of Chalcis"", ""Lykophron"", ""Lykophron of Chalkis""]","[""Lycophron de Chalcis""]","[""Lycophron Tragicus"", ""Lycophron Alexandrinus"", ""Lycophron Chalcidicus"", ""Lycophron Chalcidensis""]","[""Ancient Greek""]"
Q43353,Aristophanes,20962036,389.0,215.0,Aristophanes,117.0,Aristophanes,Aristophane,Aristophanes,"[""Father of Comedy""]",[],"[""Aristophanes Comicus""]","[""Ancient Greek""]"
Q43423,Aesop,64013451,343.0,217.0,Aisopos,26.0,Aesop,Ésope,Aesopus,"[""Aesopus"", ""\u00c6\u017fop"", ""\u00c6sop"", ""Esop"", ""E\u017fope""]","[""Aesopus"", ""Esope""]","[""Aesopus Scriptor fabularum""]","[""Ancient Greek""]"
Q434567,Chariton Aphrodisiensis,27062313,11.0,11.0,Chariton,181.0,Chariton,Chariton d'Aphrodise,Charito Aphrodisiensis,"[""Chariton of Aphrodisias""]","[""Chariton d'Aphrodisias"", ""Chariton d'Aphrodisie""]","[""Chariton scriptor eroticus""]","[""Ancient Greek""]"
Q434811,,,,,Herondas,379.0,Herodas,Hérondas,Herodas,"[""Herondas""]","[""H\u00e9rodas"", ""Herondas""]","[""Herodas Mimographus"", ""Herondas Mimographus"", ""Herondas""]","[""Ancient Greek""]"
Q436634,"Longinus, Cassius Dionysius",56631326,213.0,143.0,,,Cassius Longinus,Longin,Cassius Longinus,"[""Cassius Dionisius Longinus"", ""Dionysius Cassius Longinus""]",[],"[""Longinus Rhetor"", ""Dionysius Cassius Longinus"", ""Longinus Philosophus"", ""Cassius Longinus Philosophus"", ""Cassius Longinus Rhetor""]",[]
Q43689,"Ambrosius, Aurelius (saint)",100227669,60.0,56.0,Ambrosius,44.0,Ambrose,Ambroise de Milan,Ambrosius,"[""St Ambrose"", ""Bishop of Milan Ambrose"", ""Saint Ambrose"", ""St. Ambrose"", ""Bishop of Milan Ambrogio"", ""Bishop of Milan Amvros\u012b\u012d"", ""Ambrose of Milan"", ""Bishop of Milan Aurelius Ambrosius"", ""Saint"", ""Saint Ambrose Bishop of Milan"", ""Bishop of Milan Ambroise"", ""St. Ambrosius"", ""Bp. of Milan Ambrosius"", ""Ambrosius"", ""Bishop of Milan Aurelio Ambrogio"", ""Ambrosius Mediolanensis""]","[""Saint Ambroise de Milan""]","[""Sanctus Aurelius Ambrosius"", ""Ambrosius Mediolanensis"", ""Sanctus Ambrosius""]","[""Latin""]"
Q43706,John Chrysostom (saint),305214868,204.0,114.0,Ioannes Chrysostomos,416.0,John Chrysostom,Jean Chrysostome,Ioannes Chrysostomus,"[""Giovanni Crisostomo"", ""St. John Chrysostom"", ""Johannes Chrysostomus"", ""Saint John Chrysostom"", ""Ioannes Crisostomus"", ""Chrysostomus"", ""Chryssorhoas"", ""Joannes Chrysostomus"", ""Iohannes Antiochiensis"", ""Joannes Chrysostomos"", ""John I Chrysostom""]","[""saint Jean Bouche d\u2019Or"", ""Jean Ier Chrysostome"", ""Jean Chrysost\u00f4me""]","[""Iohannes Chrysostomus Scriptor ecclesiasticus"", ""Iohannes Chrysostomus"", ""Johannes Chrysostomus Scriptor ecclesiasticus"", ""Sanctus Iohannes Chrysostomus""]","[""Ancient Greek""]"
Q437869,,,,,Euagrios of Pontos,286.0,Evagrius Ponticus,Évagre le Pontique,Evagrius Ponticus,"[""Evagrius of Pontus"", ""Evagrius the Solitary""]","[""Evagre du Pont"", ""Evagre le Pontique"", ""Evagrius Ponticus""]",[],"[""Ancient Greek""]"
Q43954,Leo the Great (Pope),9875336,46.0,40.0,,,Leo I,Léon Ier,Leo I,"[""Pope Leo I"", ""Leo the Great""]","[""L\u00e9on ier"", ""Saint L\u00e9on le Grand"", ""Leon Ier"", ""L\u00e9on le Grand"", ""L\u00e9on Ier le Grand""]","[""Leo Magnus Papa"", ""Leo Magnus"", ""Sanctus Leo PP. I Magnus""]","[""Latin""]"
Q44011,Gregory of Nazianzus,108675755,108.0,86.0,Gregorios of Nazianzos,341.0,Gregory of Nazianzus,Grégoire de Nazianze,Gregorius Nazianzenus,"[""Gregorius Nazianzenus"", ""Grigorios Nazianzenos"", ""St. Gregory of Nazianzus"", ""St. Gregory Nazianzen"", ""Gregory the Theologian"", ""Gregory Nazianzen""]","[""Gregoire de Nazianze"", ""Gr\u00e9goire le Th\u00e9ologien"", ""Gr\u00e9goire de Naziance"", ""Saint Gr\u00e9goire de Nazianze""]","[""Gregorius Nazianzenus Theologus"", ""Gregorius Theologus""]","[""Ancient Greek""]"
Q44024,,,,,Athanasios,134.0,Athanasius of Alexandria,Athanase d'Alexandrie,Athanasius Alexandrinus,"[""Athanasius the Confessor"", ""Sint Atanaze d\u2019 Alegzandreye"", ""Athanasius Alexandrinus"", ""Athanasius"", ""Athanasius the Apostolic"", ""Athanasius the Great"", ""Athanasios of Alexandria"", ""Saint Athanasius"", ""Athanasius Contra Mundum"", ""Athanasius I of Alexandria""]","[""Saint Athanase d\u2019Alexandrie"", ""Athanase le Grand"", ""Athanase Ier"", ""Athanasien"", ""Athanase d\u2019Alexandrie""]","[""Athanasius Magnus""]","[""Ancient Greek""]"
Q44079,Cyril of Alexandria (saint),190218431,32.0,25.0,Kyrillos of Alexandria,505.0,Cyril of Alexandria,Cyrille d'Alexandrie,Cyrillus Alexandrinus,"[""Doctor of the Incarnation"", ""Cyrillus Alexandrinus""]","[""Cyrille""]",[],"[""Ancient Greek""]"
Q44170,Ignatius of Antioch (saint),267432724,78.0,54.0,Ignatios of Antiocheia,412.0,Ignatius of Antioch,Ignace,Ignatius Antiochenus,"[""Ignatius Antiochenus"", ""St. Ignatius"", ""Saint Ignatius of Antioch""]","[""Ignace d\u2019Antioche"", ""Saint Ignace d'Antioche""]","[""Ignatius Antiochensis""]","[""Ancient Greek""]"
Q44233,,,,,Hesiodos,381.0,Hesiod,Hésiode,Hesiodus,"[""Hesiod of Ascra"", ""Hesiodus""]","[""Hesiode"", ""H\u00e9siode d'Ascra""]","[""Hesiodus Ascraeus"", ""Hesiodus Epicus""]","[""Ancient Greek""]"
Q44248,"Jerome, Eusebius Sophronius (saint )",95147024,96.0,80.0,Hieronymus,386.0,Jerome,Jérôme de Stridon,Hieronymus,"[""Jerome of Stridon"", ""Eusebius Hieronymus"", ""Saint Hieronymus"", ""Eusebius Sophronius Hieronymus"", ""Saint Jerome"", ""Sophronius Eusebius Hieronymus"", ""Sofronius Eusebius Hieronymus"", ""Saint Heronimos"", ""St. Jerome"", ""Hieronymus""]","[""Eusebius Hieronymus"", ""J\u00e9rome de Stridon"", ""Jerome de Stridon"", ""Saint J\u00e9r\u00f4me"", ""J\u00e9r\u00f4me"", ""Eusebius Sophronius Hieronymus""]","[""Hieronymus Stridonius"", ""Sanctus Hieronymus"", ""Sophronius Eusebius Hieronymus"", ""Hieronymus Stridonensis"", ""Eusebius Sophronius Hieronymus""]","[""Latin""]"
Q44258,Basil of Caesarea,88967224,82.0,66.0,Basileios of Kaisareia,154.0,Basil of Caesarea,Basile de Césarée,Basilius Caesariensis,"[""Basilius Magnus"", ""Saint Basil the Great"", ""St. Basil The Great""]","[""Saint Basile de C\u00e9sar\u00e9e"", ""Saint Basile le Grand"", ""Basile de Cesaree"", ""Basile Le Grand""]","[""Basilius Magnus""]","[""Ancient Greek""]"
Q44265,Benedict of Nursia (saint),28147121748626392193,2.0,2.0,Benedictus,160.0,Benedict of Nursia,Benoît de Nursie,Benedictus de Nursia,"[""Saint Benedict"", ""Saint Benedict of Nursia"", ""St. Benedict"", ""Bengt""]","[""Saint Beno\u00eet de Nursie"", ""Benoit de Nursie""]","[""Benedictus Casinensis Abbas"", ""Sanctus Benedictus"", ""Sanctus Benedictus de Nursia"", ""Benedictus Casinensis""]",[]
Q44344,Hilarius Pictaviensis,89595978,42.0,39.0,Hilarius of Poitiers,387.0,Hilary of Poitiers,Hilaire de Poitiers,Hilarius Pictaviensis,"[""Hammer of the Arians"", ""Athanasius of the West"", ""St. Hilary"", ""Bishop of Poitiers"", ""Saint Hilary of Poitiers"", ""Saint Hilary"", ""Hilarius Pictaviensis""]","[""Saint Hilaire de Poitiers"", ""Saint-Hilaire de Poitiers""]","[""Sanctus Hilarius""]","[""Latin""]"
Q443510,Hesychius of Alexandria,21314508,49.0,44.0,Hesychios of Alexandria,2531.0,Hesychius of Alexandria,Hésychios d'Alexandrie,Hesychius Alexandrinus,"[""Hesychius"", ""Hesychios"", ""Hesych"", ""H\u0113sychios""]","[""Hesychios d'Alexandrie""]","[""Hesychius Lexicographus"", ""Hesychius Grammaticus""]","[""Ancient Greek""]"
Q443765,Antoninus Liberalis,251871635,32.0,27.0,,,Antoninus Liberalis,Antoninus Liberalis,Antoninus Liberalis,[],[],[],"[""Ancient Greek""]"
Q4441106,Aphthonius of Antioch,265112315,84.0,62.0,,,Aphthonius of Antioch,Aphthonios,Aphthonius Antiochenus,"[""Aphthonius""]",[],"[""Aphthonius Rhetor"", ""Aphthonius""]","[""Ancient Greek""]"
Q444285,"Asconius Pedianus, Quintus",85065079,42.0,35.0,,,Asconius Pedianus,Asconius,Quintus Asconius Pedianus,"[""Asconius""]","[""Asconius Pedianus""]","[""Asconius"", ""Asconius Pedianus""]","[""Latin""]"
Q445848,Artemidorus Daldianus,61683125,26.0,25.0,,,Artemidorus,Artémidore de Daldis,Artemidorus Daldianus,[],"[""Art\u00e9midore d'\u00c9ph\u00e8se""]",[],"[""Ancient Greek""]"
Q44934,,,,,Venantius Fortunatus,956.0,Venantius Fortunatus,Venance Fortunat,Venantius Fortunatus,"[""Venantius Honorius Clementianus Fortunatus"", ""St. Venantius Honorius Clementianus Fortunato"", ""Fortunatus""]","[""Venantius Fortunatus""]","[""Venantius Fortunatus Poeta"", ""Venantius Honorius Clementianus Fortunatus""]","[""Medieval Latin""]"
Q451550,,,,,Philodemos,672.0,Philodemus,Philodème de Gadara,Philodemus,"[""Philodem"", ""Philodemus of Gadara"", ""Philodemos""]","[""Philod\u00e8me l'\u00e9picurien"", ""Philodeme de Gadara"", ""Philod\u00e8me""]","[""Philodemus Gadarensis"", ""Philodemus Philosophus""]","[""Ancient Greek""]"
Q453311,pseudo-Scylax of Caryanda,291988135,14.0,13.0,,,Scylax of Caryanda,Scylax de Caryanda,Scylax Caryandensis,[],[],"[""Scylax"", ""Scylax Periegeta""]","[""Ancient Greek""]"
Q454652,Prosper d'Aquitaine (saint),52485706,28.0,24.0,,,Prosper of Aquitaine,Prosper d'Aquitaine,Prosper Tiro Aquitanus,"[""Prosper Tiro Aquitanus""]","[""Saint Prosper""]","[""Prosper Aquitanicus"", ""Prosperus Aquitanicus"", ""Prosper Tiro"", ""Prosperus Aquitanus"", ""Tiro Prosper"", ""Prosper Aquitanus"", ""Prosper""]","[""Latin""]"
Q454995,Verrius Flaccus,13153593741251671199,25.0,24.0,,,Verrius Flaccus,Verrius Flaccus,Marcus Verrius Flaccus,"[""Marcus Verrius Flaccus""]","[""Marcus Verrius Flaccus""]","[""Verrius Flaccus Grammaticus"", ""Verrius Flaccus""]","[""Latin""]"
Q455523,Babrius,36151776765518010879,3.0,3.0,,,Babrius,Babrius,Babrius,"[""Valerius Babrius"", ""Gabrius"", ""Gabrias"", ""Babrias""]","[""Babrias""]","[""Valerius Babrius"", ""Valerius Babrius Scriptor fabularum""]","[""Ancient Greek""]"
Q456649,Maximus of Tyre,100903442,81.0,72.0,,,Maximus of Tyre,Maxime de Tyr,Maximus Tyrius,[],"[""Cassius Maximus Tyrius""]","[""Maximus Philosophus"", ""Maximus Tyrius Philosophus"", ""Maximus Sophista""]","[""Ancient Greek""]"
Q45936,Strabo,100219883,132.0,114.0,Strabon,886.0,Strabo,Strabon,Strabo,"[""Strabo of Amaseia""]","[""Strabon d\u2019Amas\u00e9e""]","[""Strabo Geographus"", ""Strabo Amasiotes""]","[""Ancient Greek""]"
Q463364,Bion of Smyrna,7476159477558427990005,94.0,73.0,,,Bion of Smyrna,Bion de Smyrne,Bion Smyrnaeus,"[""Bion of Phlossa"", ""Bion"", ""of Phlossa near Smyrna"", ""of Phlossa"", ""of Smyrna"", ""Bion of Phlossa near Smyrna""]","[""Bion de Phlossa""]","[""Bion Bucolicus""]","[""Ancient Greek""]"
Q463564,Xenophon of Ephesus,83987541,16.0,15.0,,,Xenophon of Ephesus,Xénophon d'Éphèse,Xenophon Ephesius,[],"[""X\u00e9nophon le Jeune"", ""Xenophon d'Ephese""]","[""Xenophon Ephesius Scriptor eroticus"", ""Xenophon Scriptor eroticus"", ""Xenophon Ephesinus""]","[""Ancient Greek""]"
Q47130,"Ennius, Quintus",84976347,39.0,35.0,Ennius,270.0,Ennius,Ennius,Quintus Ennius,"[""Quintus Ennius"", ""Ennio"", ""Quinto Ennio""]","[""Quintus Ennius"", ""Ennio"", ""Quinto Ennio""]","[""Q. Ennius"", ""Ennius"", ""Ennius Poeta""]","[""Latin""]"
Q47154,"Lucretius, Titus Carus",106388020,631.0,301.0,Lucretius,529.0,Lucretius,Lucrèce,Lucretius,"[""Titus Lucretius Carus"", ""T. Lucretius Carus"", ""Titus Carus Lucretius""]",[],"[""Titus Lucretius Carus"", ""T.Lucretius Carus"", ""Lucretius Carus Poeta""]","[""Latin""]"
Q47160,Plautus,66462281,617.0,306.0,Plautus,695.0,Plautus,Plaute,Titus Maccius Plautus,"[""Titus Maccius Plautus""]","[""Plautus""]","[""T. Maccius Plautus"", ""Plautus"", ""Plautus Comicus""]","[""Latin""]"
Q47163,Vitruvius,46768430,165.0,92.0,Vitruvius,965.0,Vitruvius,Vitruve,Marcus Vitruvius Pollio,"[""Pollio Vitruvius"", ""Marcus Vitruvius Pollio"", ""Vitruvius Pollio""]","[""Marc Vitruve"", ""Vitruvius""]","[""Vitruvius Pollio Scriptor de architectura"", ""Vitruvius"", ""Vitruvius Pollio""]","[""Latin""]"
Q47180,"Petronius Arbiter, Gaius",95155909,389.0,225.0,Petronius,648.0,Petronius,Pétrone,Publius Petronius Niger,"[""Petronius Arbiter"", ""Publius Petronius Niger"", ""Titus Petronius Niger"", ""Gaius Petronius Arbiter""]","[""Petronius Arbiter"", ""Petrone""]","[""T. Petronius Arbiter"", ""Petronius"", ""Petronius Arbiter"", ""C. Petronius"", ""T. Petronius"", ""Petronius Niger"", ""Titus Petronius Arbiter"", ""Gaius Petronius""]","[""Latin""]"
Q472809,Apollonius Dyscolus,111130260,8.0,8.0,,,Apollonius Dyscolus,Apollonios Dyscole,Apollonius Dyscolus,[],[],[],"[""Ancient Greek""]"
Q48305,Euripides,9553153063127619320004,342.0,181.0,Euripides,299.0,Euripides,Euripide,Euripides,[],[],"[""Euripides Tragicus""]","[""Ancient Greek""]"
Q505931,Aretaeus of Cappadocia,293149294368780522108,43.0,24.0,,,Aretaeus of Cappadocia,Arétée,Aretaeus Cappadox,"[""Aret\u00e6us"", ""Aretaeus the Cappadocian"", ""Aretaeus""]","[""Aretee"", ""Ar\u00e9t\u00e9e de Cappadoce""]","[""Aretaeus Medicus"", ""Aretaeus Cappadocius""]","[""Ancient Greek""]"
Q520487,"Solinus, Gaius Julius",51672454,26.0,24.0,,,Gaius Julius Solinus,Solin,Gaius Julius Solinus,"[""Solinus"", ""Solin."", ""Gaius Iulius Solinus"", ""Caius Iulius Solinus"", ""C. Julius Solinus"", ""C. Iulius Solinus"", ""Solinus the Grammarian"", ""Caius Julius Solinus"", ""Solinus Grammaticus""]","[""Caius Julius Solin"", ""Caius Julius Solinus"", ""Gaius Julius Solinus""]","[""Solini"", ""Solinus"", ""C. Julii Solini"", ""Caii Julii Solini"", ""Solin."", ""Gaius Iulius Solinus"", ""C. Julius Solinus"", ""C. Iulius Solinus"", ""Solinum"", ""Caii Iulii Solini"", ""Gaii Julii Solini"", ""Solinus Grammaticus"", ""C. Iulii Solini"", ""Soline"", ""Solino"", ""Gaii Iulii Solini""]","[""Latin""]"
Q52166,"Phaedrus, Gaius Julius",100219094,448.0,246.0,Phaedrus,4839.0,Phaedrus,Phèdre,Phaedrus,"[""Gaius Julius Phaedrus"", ""Ph\u00e6drus""]",[],"[""Gaius Iulius Phaedrus"", ""Phaedrus Scriptor fabularum""]","[""Latin""]"
Q5264,Hippocrates of Kos,287984736,703.0,197.0,Hippokrates,390.0,Hippocrates,Hippocrate,Hippocrates,"[""Hippokrates of Kos"", ""Hippocrates II"", ""Hippokrates"", ""Hippocrates of Cos""]",[],"[""Hippocrates Medicus"", ""Hippocrates Cous""]","[""Ancient Greek""]"
Q532684,Salvianus,236486362,47.0,37.0,,,Salvian,Salvien de Marseille,Salvianus Massiliensis,"[""Salvianus"", ""Salvian of Marseilles""]","[""Salvien""]","[""Salvianus""]","[""Latin""]"
Q537755,Polyaenus,15564840,40.0,39.0,,,Polyaenus,Polyen,Polyaenus,"[""Poly\u00e6nus""]",[],"[""Polyaenus Macedo"", ""Polyaenus Rhetor""]","[""Ancient Greek""]"
Q538564,Coelius Sedulius,18636329,2.0,2.0,,,Coelius Sedulius,Coelius Sedulius,Coelius Sedulius,"[""Caelius Sedulius"", ""Siadhal"", ""Sedulius""]",[],"[""Sedulius presbyter"", ""Sedulius Poeta"", ""Caelius Sedulius"", ""Sedulius""]","[""Latin""]"
Q547681,Philemon Syracusanus,231019921,47.0,39.0,,,Philemon,Philémon,Philemon,"[""Philemon of Syracuse""]",[],"[""Philemon Syracusanus"", ""Philemon Comicus""]","[""Ancient Greek""]"
Q548104,"Pollux, Julius",2991030,72.0,60.0,,,Julius Pollux,Julius Pollux,Iulius Pollux,"[""Pollux"", ""Iulius Pollux""]",[],"[""Julius Pollux"", ""Iulius Pollux Grammaticus"", ""Pollux Naucratites"", ""Iulius Pollux Naucraticus"", ""Juliux Pollux Grammaticus"", ""Pollux Grammaticus""]","[""Ancient Greek""]"
Q549010,Hephaestion Alexandrinus,265864593,8.0,7.0,,,Hephaestion,Héphestion d'Alexandrie,Hephaestion,"[""Hephaestio"", ""Hephaistion"", ""Hephaestion of Alexandria""]",[],"[""Hephaestion Alexandrinus"", ""Hephaestion Grammaticus""]","[""Ancient Greek""]"
Q557776,Procopius of Gaza,48159479,10.0,10.0,,,Procopius of Gaza,Procope de Gaza,Procopius Gazaeus,"[""Prokopios of Gaza""]",[],"[""Procopius Scriptor ecclesiasticus"", ""Procopius Rhetor""]","[""Ancient Greek""]"
Q561353,"Palladius, Rutilius Taurus Aemilianus",54143112,24.0,21.0,,,Rutilius Taurus Aemilianus Palladius,Palladius,Palladius Rutilius Taurus Aemilianus,"[""Palladius Rutilius Taurus Aemilianus""]",[],"[""Rutilius Taurus Aemilianus Palladius""]","[""Latin""]"
Q580565,Palaephatus,100181721,30.0,28.0,,,Palaephatus,Paléphate,Palaephatus,[],"[""Palaephatus"", ""Palaiphatos"", ""Pala\u00e9phate""]","[""Palaephatus Mythographus""]","[""Ancient Greek""]"
Q59138,Diogenes Laërtius,41839141,220.0,162.0,Diogenes Laertios,237.0,Diogenes Laërtius,Diogène Laërce,Diogenes Laertius,"[""Diogenes Laertius""]","[""Diog\u00e8ne de La\u00ebrte"", ""Diog\u00e8ne de Laerte"", ""Diogene Laerce"", ""Diog\u00e8ne Laerce"", ""Diogenes Laertius"", ""Diog\u00e8ne de La\u00ebrt\u00e8s""]","[""Diogenes Laertios"", ""Diogenes La\u00ebrtius"", ""Diogenes Laertius Biographus""]","[""Ancient Greek""]"
Q5959,,,,,Curtius Rufus,209.0,Quintus Curtius Rufus,Quinte-Curce,Quintus Curtius Rufus,"[""Curtius Rufus""]","[""Quinte Curce"", ""Quintus Curtius Rufus""]","[""Curtius Rufus"", ""Curtius Rufus Historicus""]","[""Latin""]"
Q6197,Horace (Quintus Horatius Flaccus),100227522,1904.0,459.0,Horatius,395.0,Horace,Horace,Quintus Horatius Flaccus,"[""Horatius Flaccus"", ""Quintus Horatius Flaccus"", ""Q. Horatius Flaccus"", ""Horatius""]","[""Quintus Horatius Flaccus""]","[""Q. Horatius Flaccus"", ""Horatius Poeta"", ""Horatius""]","[""Latin""]"
Q666127,"Festus, Rufus Sextus",79076696,4.0,3.0,,,Festus,Rufius Festus,Festus,"[""Sextus Rufus"", ""Sextus Festus"", ""Ruffus Festus"", ""Rufus Festus""]","[""Sextus Rufus""]","[""Festus Historicus"", ""Rufius Festus"", ""Sextus Rufus"", ""Rufus Festus""]","[""Latin""]"
Q666210,Iamblichus,41992412,123.0,86.0,,,Jamblichus,Jamblique,Iamblichus,"[""Iamblichus"", ""Iamblichos""]","[""Jamblique le Syrien""]","[""Iamblichus Syrus""]","[""Ancient Greek""]"
Q6691,,,,,Homeros,393.0,Homer,Homère,Homerus,"[""Homeros"", ""Homerus"", ""M\u00e6onides""]",[],"[""Homerus Epicus""]","[""Ancient Greek""]"
Q671419,Eucherius of Lyon,90719515,1.0,1.0,,,Eucherius of Lyon,Eucher de Lyon,Eucherius Lugdunensis,"[""Eucherius""]",[],[],"[""Latin""]"
Q67841,,,,,Gregorius of Tours,1278.0,Gregory of Tours,Grégoire de Tours,Gregorius Turonensis,"[""St. Gregory of Tours""]","[""Gr\u00e9goire de Tour"", ""Saint Gr\u00e9goire de Tours"", ""Gregoire de Tours""]","[""Sanctus Gregorius Turonensis""]","[""Medieval Latin""]"
Q682860,Julius Obsequens,100202247,37.0,35.0,,,Julius Obsequens,Julius Obsequens,Iulius Obsequens,"[""Iulius Obsequens""]",[],"[""Obsequens Mythographus"", ""Julius Obsequens""]","[""Latin""]"
Q691292,Philostratus the Elder,72203785,42.0,37.0,,,Philostratus of Lemnos,Philostrate de Lemnos,Philostratus Lemnius,"[""Philostratus the Elder""]","[""Philostrate l'Ancien""]","[""Philostratus Maior Sophista"", ""Philostratus Major Sophista"", ""Philostratus Lemnius Sophista""]","[""Ancient Greek""]"
Q705919,"Rutilius Namatianus, Claudius",102333340,20.0,19.0,,,Rutilius Claudius Namatianus,Rutilius Namatianus,Claudius Rutilius Namatianus,"[""Claudius Rutilius Numatianus""]","[""Rutilius Claudius Namatianus"", ""Claudius Rutilius Numatianus""]","[""Rutilius Claudius Namatianus"", ""Claudius Rutilius Numatianus Poeta"", ""Rutilius Namatianus""]","[""Latin""]"
Q705950,Theon of Smyrna,56588190,8.0,8.0,,,Theon of Smyrna,Théon de Smyrne,Theon Smyrnaeus,[],"[""Theon de Smyrne"", ""Theon of Smyrna""]","[""Theon of Smyrna"", ""Theon Philosophus""]","[""Ancient Greek""]"
Q707449,Censorinus,195718548,49.0,45.0,,,Censorinus,Censorin,Censorinus,"[""Censorinus Grammaticus"", ""Censorinus the Grammarian""]","[""Censorinus""]","[""Censorinus Grammaticus"", ""Censorinum"", ""Censorini"", ""Censorine"", ""Censorino""]","[""Latin""]"
Q713530,Isidore of Pelusium (saint),63872189,20.0,20.0,,,Isidore of Pelusium,Isidore de Péluse,Isidorus Pelusiota,[],"[""Isidoros de P\u00e9luse"", ""Isidore de Peluse""]",[],"[""Ancient Greek""]"
Q7170,"Sallust, Gaius Crispus",104162705,687.0,323.0,Sallustius,825.0,Sallust,Salluste,Gaius Sallustius Crispus,"[""Gaius Sallustius Crispus"", ""Qay Krisp Sallyusti""]",[],"[""Sallustius"", ""C. Sallustius Qui. Crispus""]","[""Latin""]"
Q7198,"Ovid, Publius Naso",88342447,1650.0,477.0,Ovidius,614.0,Ovid,Ovide,Publius Ovidius Naso,"[""P. Ovidius Naso"", ""Publius Ovidius Naso""]",[],"[""Ovidius""]","[""Latin""]"
Q721412,"Harpocration, Valerius",211435698,50.0,39.0,,,Harpocration,Harpocration,Harpocration,"[""Valerius Harpocration""]","[""Valerius Harpocration""]","[""Harpocration Grammaticus"", ""Valerius Harpocration""]","[""Ancient Greek""]"
Q722683,Valerius Probus,90633449,12.0,10.0,,,Marcus Valerius Probus,Valérius Probus,Marcus Valerius Probus,"[""M. Valerius Probus"", ""Marcus Valerius Probus Berytius"", ""Marcus V. Probus"", ""M. Valerius Probus Berytius"", ""Valerius Probus"", ""Probus of Beirut"", ""Probus Minor"", ""Probus""]","[""Marcus Valerius Probus""]","[""Probus Grammaticus""]","[""Latin""]"
Q7235,Sophocles,101760867,434.0,210.0,Sophokles,865.0,Sophocles,Sophocle,Sophocles,[],[],"[""Sophocles tragicus"", ""Sophocles Tragicus""]","[""Ancient Greek""]"
Q744540,,,,,Pseudo-Longinos or Pseudo-Dionysios,2854.0,Pseudo-Longinus,Pseudo-Longin,Longinus,"[""Dionysius Longinus""]",[],"[""Pseudo-Longinus"", ""Dionysius Longinus""]","[""Ancient Greek""]"
Q8018,Augustine of Hippo,66806872,750.0,263.0,Augustinus,136.0,Augustine of Hippo,Augustin d’Hippone,Augustinus,"[""St. Augustine of Hippo"", ""St. Augoustinos"", ""Augustinus"", ""bishop of Hippo"", ""Aurelius Augustinus Hipponensis"", ""Augustine"", ""Aurelius Augustinus"", ""Aurelius Augustine"", ""Saint Austin"", ""Saint Augustine"", ""St. Augustine"", ""Saint Augustine of Hippo"", ""Aurelius""]","[""Augustin d'Hippone"", ""saint Augustin""]","[""Aurelius Augustinus"", ""Augustinus Aurelius""]","[""Latin""]"
Q82778,,,,,Plinius Maior,697.0,Pliny the Elder,Pline l'Ancien,Gaius Plinius Secundus,"[""the Elder Pliny"", ""Pliny"", ""C. Plinius Secundus"", ""Caius Plinius Secundus"", ""Gaius Plinius Secundus"", ""Gaius P. Secundus"", ""Caius P. Secundus"", ""Plinius""]","[""Gaius Plinius Secundus"", ""Caius Plinius Secundus""]","[""Plinius Maior"", ""Plinius senior"", ""Caius Plinius Secundus"", ""Plinius Major""]","[""Latin""]"
Q83041,,,,,Anaxagoras,1538.0,Anaxagoras,Anaxagore de Clazomènes,Anaxagoras,"[""Anaxagoras of Clazomenae""]","[""Anaxagore de Clazomenes"", ""Anaxagoras"", ""Anaxagore de Clazom\u00e8ne""]","[""Anaxagoras Clazomenius""]","[""Ancient Greek""]"
Q83375,,,,,Empedokles,267.0,Empedocles,Empédocle,Empedocles,[],"[""Emp\u00e9docle d'Agrigente"", ""Emp\u00e9docle d\u2019Agrigente"", ""Empedocle d'Agrigente""]","[""Empedocles Philosophus""]","[""Ancient Greek""]"
Q859,,,,,Platon,694.0,Plato,Platon,Plato,[],[],"[""Plato Philosophus""]","[""Attic Greek""]"
Q868,Aristotle,7524651,870.0,263.0,Aristoteles,119.0,Aristotle,Aristote,Aristoteles,"[""the Stagirite""]",[],"[""Aristoteles Pellaeus"", ""Aristoteles Atheniensis"", ""Aristoteles Stagirites""]","[""Attic Greek""]"
Q8739,Archimedes of Syracuse,29547910,62.0,48.0,Archimedes,102.0,Archimedes,Archimède,Archimedes,"[""Archimedes of Syracuse""]","[""Archim\u00e8de de Syracuse""]",[],"[""Ancient Greek""]"
Q8747,,,,,Eukleides,293.0,Euclid,Euclide,Euclides,"[""Euclides"", ""Eukleides"", ""Euclid of Alexandria""]",[],"[""Euclides Alexandrinus"", ""Euclides Mathematicus"", ""Euclides Geometra""]","[""Ancient Greek""]"
Q8778,"Galen, Claudius",44299175,150.0,82.0,Galenos,326.0,Galen,Claude Galien,Claudius Galenus,"[""Galen of Pergamon"", ""Aelius Galenus"", ""Claudius Galenus""]","[""Galien"", ""Claudius Galenus""]","[""Galenus Medicus"", ""Galenus Pergamenus"", ""Galenus""]","[""Ancient Greek""]"
Q8825,,,,,Gaius Cornelius Gallus,203.0,Gaius Cornelius Gallus,Caius Cornelius Gallus,Gaius Cornelius Gallus,"[""Cornelius Gallus""]","[""Gaius Cornelius Gallus""]","[""Cornelius Gallus"", ""Gallus Poeta""]","[""Latin""]"
Q8827,"Propertius, Sextus",100907186,368.0,214.0,Propertius,4807.0,Propertius,Properce,Sextus Propertius,"[""Sextus Aurelius Propertius"", ""Sextus Propertius""]",[],"[""Propertius""]","[""Latin""]"
Q885446,,,,,Blossius Aemilius Dracontius,5946.0,Dracontius,Dracontius,Blossius Aemilius Dracontius,"[""Blossius Aemilius Dracontius""]","[""Blossius Aemilius Dracontius""]","[""Dracontius"", ""Dracontius Afer"", ""Dracontius Poeta""]","[""Latin""]"
Q913,,,,,Sokrates,3623.0,Socrates,Socrate,Socrates,[],[],"[""Socrates Atheniensis"", ""Socrates Philosophus""]",[]
Q9334638,,,,,Scriptores Historiae Augustae,5058.0,Scriptores Historiae Augustae,Scriptores Historiae Augustae,Scriptores Historiae Augustae,[],[],[],"[""Latin""]"
Q9348898,Macarius of Egypt (saint),93095832,24.0,23.0,,,Symeon of Mesopotamia,Syméon de Mésopotamie,Symeon Mesopotamius,[],[],"[""Symeon Mesopotamiae""]","[""Ancient Greek""]"
Q936686,Alcinous,301986016,8.0,8.0,,,Alcinous,Alcinoos,Alcinous,"[""Alkinoos"", ""Alkinous""]","[""Alcinoos le Philosophe"", ""Alcinous le Sto\u00efcien""]","[""Alcinous Platonicus"", ""Alcinous Philosophus""]","[""Ancient Greek""]"
Q944631,Sextus Pomponius,67261809,13.0,10.0,,,Sextus Pomponius,Sextus Pomponius,Sextus Pomponius,[],[],[],"[""Latin""]"
Q953784,Oribasius,7440344,22.0,18.0,,,Oribasius,Oribase,Oribasius,"[""Oribasius of Pergamum""]","[""Oreibasios de Pergame""]","[""Oribasius Medicus""]","[""Ancient Greek""]"
Q957548,Moschus,299323588,103.0,74.0,,,Moschus,Moschos,Moschus,"[""Moschus of Syracuse"", ""Moschos of Syracuse""]","[""Moschos de Syracuse""]","[""Moschus Bucolicus"", ""Moschus Syracusanus""]","[""Ancient Greek""]"
Q960345,Nemesius of Emesa (bishop),42630277,28.0,27.0,,,Nemesius,Némésios,Nemesius Emesenus,"[""Nemesius of Emesa"", ""Nemesius Emesenus""]","[""Nemesius"", ""N\u00e9m\u00e9sius d'Em\u00e8se"", ""N\u00e9m\u00e9sius""]","[""Nemesius"", ""Nemesius Theologus""]","[""Ancient Greek""]"
